,0,1,2,3,4,5,6,Balls,Dismissals,Runs,SR
A Ashish Reddy,61,83,20,1,16,0,15,196,13,280,142.86
NLTC Perera,129,121,26,1,23,0,26,326,21,424,130.06
SK Trivedi,37,16,4,0,3,0,1,61,7,42,68.85
GB Hogg,5,14,2,0,1,0,0,22,2,22,100.0
SM Pollock,47,47,2,0,12,0,8,116,8,147,126.72
Sunny Gupta,1,0,0,0,0,0,0,1,1,0,0.0
DR Smith,832,521,84,3,245,1,117,1803,79,2385,132.28
DJ Thornely,31,19,0,0,2,0,2,54,3,39,72.22
DT Patil,5,5,2,0,1,0,0,13,1,13,100.0
WA Mota,30,40,4,0,2,0,0,76,5,56,73.68
I Malhotra,0,3,0,0,1,0,0,4,0,7,175.0
J Yadav,6,6,0,0,0,0,0,12,0,6,50.0
M Ntini,15,1,1,0,2,0,0,19,1,11,57.89
GH Vihari,142,133,23,1,23,0,1,323,17,280,86.69
NL McCullum,8,9,4,1,0,0,1,23,1,26,113.04
MD Mishra,102,65,14,0,24,0,8,213,14,237,111.27
JEC Franklin,124,129,22,0,25,0,9,309,11,327,105.83
Pankaj Singh,6,5,1,0,0,0,0,12,2,7,58.33
R Tewatia,9,7,3,0,4,0,1,24,2,35,145.83
A Flintoff,24,23,2,1,5,0,2,57,2,62,108.77
AL Menaria,152,149,24,0,24,0,18,367,20,401,109.26
Gurkeerat Singh,107,112,16,0,36,0,9,280,19,342,122.14
M Muralitharan,17,9,2,1,1,0,0,30,4,20,66.67
R Bishnoi,11,3,0,0,1,0,2,17,2,19,111.76
P Sahu,4,5,2,0,1,0,1,13,0,19,146.15
Karanveer Singh,9,6,1,0,1,0,0,17,1,12,70.59
BR Dunk,20,6,3,0,7,0,0,36,3,40,111.11
S Ladda,10,0,0,0,0,0,0,10,0,0,0.0
DJG Sammy,108,94,15,1,15,0,18,251,14,295,117.53
SV Samson,441,451,81,6,107,0,57,1143,52,1401,122.57
Rashid Khan,4,3,1,0,0,0,1,9,2,11,122.22
Y Gnaneswara Rao,9,5,1,0,3,0,0,18,1,19,105.56
S Vidyut,55,30,5,1,21,0,3,115,8,145,126.09
V Kohli,1263,1393,240,11,379,0,159,3445,110,4376,127.02
SP Narine,94,47,4,0,36,0,12,193,17,271,140.41
AA Jhunjhunwala,98,82,13,1,19,0,5,218,10,217,99.54
Sandeep Sharma,14,20,1,0,1,0,0,36,1,26,72.22
KV Sharma,116,114,22,1,18,0,14,285,18,317,111.23
Q de Kock,244,188,19,3,90,1,21,566,24,726,128.27
JD Unadkat,8,4,0,0,0,0,0,12,1,4,33.33
T Taibu,9,9,5,0,3,0,0,26,2,31,119.23
RD Chahar,0,1,1,0,0,0,0,2,0,3,150.0
SR Tendulkar,874,721,117,7,296,0,29,2044,63,2334,114.19
MM Sharma,45,39,7,1,8,0,4,104,12,112,107.69
CK Kapugedera,10,12,2,0,0,0,0,24,3,16,66.67
LA Carseldine,31,23,4,2,11,0,0,71,2,81,114.08
KA Pollard,654,599,110,5,158,0,148,1674,79,2354,140.62
S Sohal,158,82,17,1,34,1,18,311,17,368,118.33
Yuvraj Singh,890,677,112,3,201,0,139,2022,95,2548,126.01
AD Mathews,207,267,49,3,44,0,29,599,27,724,120.87
VRV Singh,2,0,0,0,1,0,0,3,1,4,133.33
KS Williamson,108,141,28,1,35,1,11,325,12,411,126.46
R Sharma,48,14,7,0,5,0,3,77,10,66,85.71
R Sathish,92,89,24,3,22,0,6,236,14,270,114.41
AD Russell,128,114,23,0,48,0,37,350,19,574,164.0
RA Jadeja,503,605,117,5,123,0,56,1409,66,1682,119.38
MS Gony,39,19,4,0,6,0,8,76,8,99,130.26
OA Shah,149,168,29,2,34,0,23,405,10,506,124.94
Salman Butt,86,47,7,0,30,0,2,172,7,193,112.21
S Narwal,12,9,2,0,6,0,0,29,3,37,127.59
KB Arun Karthik,22,20,3,1,4,0,1,51,3,51,100.0
R Bhatia,110,119,23,1,24,0,13,290,25,342,117.93
FY Fazal,74,75,7,0,22,0,1,179,6,183,102.23
R Vinay Kumar,116,107,30,0,19,0,9,281,23,297,105.69
J Botha,138,143,37,2,39,0,5,364,18,409,112.36
A Symonds,308,288,66,4,74,0,41,781,23,974,124.71
Shahid Afridi,20,12,0,0,7,1,6,46,8,81,176.09
B Kumar,76,52,14,0,15,0,3,160,17,158,98.75
ER Dwivedi,7,4,0,0,2,0,2,15,2,24,160.0
RS Gavaskar,6,2,0,0,0,0,0,8,1,2,25.0
DS Kulkarni,48,37,7,1,6,0,2,101,5,90,89.11
S Chanderpaul,20,9,0,0,4,0,0,33,3,25,75.76
MA Starc,41,38,9,0,10,0,0,98,5,96,97.96
KAJ Roach,3,4,1,0,1,0,0,9,1,10,111.11
M Ashwin,1,0,0,0,0,0,0,1,1,0,0.0
Niraj Patel,61,38,9,1,14,0,1,124,4,121,97.58
AD Nath,14,10,3,0,1,0,0,28,4,20,71.43
JJ Roy,16,13,2,0,9,0,1,41,2,59,143.9
BB McCullum,984,688,102,3,276,0,124,2177,93,2749,126.27
PD Collingwood,60,66,10,1,9,0,13,159,3,203,127.67
C Madan,15,3,0,0,3,0,0,21,1,15,71.43
A Chopra,45,21,2,0,7,0,0,75,4,53,70.67
WP Saha,450,472,107,3,130,0,57,1219,55,1557,127.73
LR Shukla,152,137,20,0,33,0,16,358,25,405,113.13
IR Jaggi,51,36,5,2,6,0,0,100,5,76,76.0
TG Southee,11,14,5,0,3,0,3,36,3,54,150.0
LH Ferguson,0,1,0,0,0,0,0,1,0,1,100.0
M Kaif,115,76,21,1,22,0,6,241,15,245,101.66
EJG Morgan,312,255,49,3,72,0,34,725,33,854,117.79
SC Ganguly,662,427,54,3,137,1,42,1326,51,1349,101.73
H Das,3,2,0,0,0,0,0,5,0,2,40.0
A Mukund,9,11,2,0,1,0,0,23,2,19,82.61
DB Das,124,92,12,0,23,0,16,267,12,304,113.86
L Ronchi,26,4,0,0,6,0,1,37,2,34,91.89
B Sumanth,15,17,3,0,3,0,0,38,1,35,92.11
DJ Jacobs,62,22,3,0,10,0,4,101,7,92,91.09
BA Stokes,70,102,18,0,22,0,15,227,10,316,139.21
RS Sodhi,1,0,0,0,1,0,0,2,0,4,200.0
YK Pathan,756,777,135,5,234,0,147,2054,86,2880,140.21
S Badree,14,9,2,0,0,0,0,25,5,13,52.0
JP Faulkner,127,148,39,1,34,0,23,372,23,503,135.22
KL Rahul,217,246,41,3,61,0,24,592,23,725,122.47
Mohammad Hafeez,51,24,0,0,7,0,2,84,7,64,76.19
B Laughlin,5,4,0,0,0,0,0,9,1,4,44.44
A Kumble,24,21,1,0,3,0,0,49,2,35,71.43
MN van Wyk,44,58,12,1,19,0,1,135,3,167,123.7
KK Cooper,29,16,8,0,9,0,8,70,9,116,165.71
G Gambhir,1318,1313,245,15,484,0,58,3433,116,4132,120.36
J Syed Mohammad,11,11,1,0,4,0,0,27,2,29,107.41
SD Chitnis,38,37,5,0,10,0,2,92,6,99,107.61
S Badrinath,493,484,85,1,154,0,28,1245,43,1441,115.74
VR Aaron,30,18,4,0,2,0,2,56,2,46,82.14
PC Valthaty,225,100,20,0,60,0,20,425,20,500,117.65
SMSM Senanayake,8,8,1,0,0,0,0,17,0,10,58.82
SE Marsh,736,724,99,6,269,1,78,1913,59,2489,130.11
Mohammad Asif,3,3,0,0,0,0,0,6,1,3,50.0
L Balaji,29,15,2,1,2,0,1,50,6,36,72.0
N Rana,151,134,13,1,31,0,25,355,14,437,123.1
A Mithun,11,8,2,0,4,0,1,26,5,34,130.77
MC Henriques,258,292,67,3,82,0,27,729,32,925,126.89
P Awana,9,5,0,0,0,0,0,14,2,5,35.71
L Ablish,2,0,0,0,0,0,0,2,0,0,0.0
VY Mahesh,15,11,2,0,0,0,0,28,2,15,53.57
GR Napier,7,5,3,0,1,0,0,16,1,15,93.75
DJ Hussey,425,452,72,2,90,0,60,1101,43,1322,120.07
Imran Tahir,17,4,1,0,3,0,0,25,3,18,72.0
KJ Abbott,3,2,1,1,0,0,1,8,1,13,162.5
P Parameswaran,2,1,0,0,0,0,0,3,0,1,33.33
S Kaul,7,3,3,0,0,0,0,13,0,9,69.23
GJ Maxwell,305,241,56,0,96,0,82,780,49,1229,157.56
TD Paine,19,10,0,0,0,0,0,29,2,10,34.48
Mandeep Singh,387,312,67,2,130,1,18,917,51,1085,118.32
A Chandila,3,4,0,0,0,0,0,7,0,4,57.14
R Rampaul,26,15,6,0,3,0,2,52,5,51,98.08
DP Vijaykumar,0,1,0,0,0,0,0,1,0,1,100.0
NS Naik,16,13,3,0,1,0,0,33,2,23,69.7
AA Noffke,6,5,0,0,1,0,0,12,0,9,75.0
PR Shah,50,28,8,0,9,0,2,97,8,92,94.85
BA Bhatt,6,0,0,0,0,0,1,7,0,6,85.71
AP Dole,7,8,4,0,3,0,1,23,2,34,147.83
RR Rossouw,25,17,3,0,3,0,3,51,5,53,103.92
RE van der Merwe,66,53,4,2,11,0,8,144,10,159,110.42
Younis Khan,4,3,0,0,0,0,0,7,1,3,42.86
S Randiv,3,0,1,0,0,0,0,4,1,2,50.0
SP Fleming,86,42,11,2,27,0,3,171,8,196,114.62
LJ Wright,22,20,2,0,16,0,3,63,4,106,168.25
BB Sran,0,4,0,0,0,0,0,4,0,4,100.0
RV Uthappa,1165,1087,191,12,377,3,125,2960,121,3778,127.64
W Jaffer,64,41,6,1,14,0,3,129,7,130,100.78
Vishnu Vinod,15,9,0,0,1,0,1,26,2,19,73.08
MJ Guptill,64,43,6,2,20,0,8,143,9,189,132.17
AJ Finch,551,407,77,3,170,0,59,1267,55,1604,126.6
F Behardien,5,6,0,0,2,0,0,13,2,14,107.69
S Anirudha,54,44,7,0,9,0,7,121,8,136,112.4
P Kumar,158,102,24,0,22,0,17,323,28,340,105.26
DAJ Bracewell,1,6,1,0,1,0,0,9,0,12,133.33
HH Pandya,128,113,10,3,24,0,28,306,18,406,132.68
M Manhas,197,191,44,1,43,0,10,486,21,514,105.76
SB Joshi,10,6,0,0,0,0,0,16,1,6,37.5
RV Gomez,27,16,4,0,5,0,1,53,5,50,94.34
RG More,0,2,0,0,0,0,0,2,0,2,100.0
SS Tiwary,425,464,82,2,93,0,45,1111,41,1276,114.85
I Sharma,31,21,3,0,3,0,1,59,5,45,76.27
CA Pujara,200,133,15,1,50,0,4,403,17,390,96.77
UT Yadav,43,38,3,0,8,0,3,95,7,94,98.95
SA Asnodkar,164,105,17,0,56,0,10,352,14,423,120.17
DA Warner,1112,991,207,13,397,0,158,2878,92,3980,138.29
S Aravind,26,21,5,0,7,0,0,59,3,59,100.0
Washington Sundar,6,3,3,0,0,0,0,12,0,9,75.0
Shakib Al Hasan,140,170,32,0,44,0,15,401,21,500,124.69
RS Bopara,168,203,27,7,39,0,16,460,16,530,115.22
AF Milne,6,5,1,0,0,0,0,12,2,7,58.33
JC Buttler,152,125,21,0,50,1,26,375,20,528,140.8
JJ Bumrah,12,11,2,0,1,0,1,27,1,25,92.59
IC Pandey,2,0,0,0,0,0,0,2,1,0,0.0
ST Jayasuriya,292,128,22,7,84,1,39,573,27,768,134.03
MC Juneja,47,52,7,0,9,0,1,116,5,108,93.1
PSP Handscomb,6,6,0,0,0,0,0,12,1,6,50.0
CA Lynn,103,84,19,0,31,0,23,260,9,384,147.69
BAW Mendis,3,3,0,0,0,0,0,6,2,3,50.0
K Upadhyay,3,4,1,0,0,0,1,9,0,12,133.33
Sohail Tanvir,11,14,2,0,3,0,1,31,3,36,116.13
Jaskaran Singh,5,4,2,0,0,0,0,11,1,8,72.73
NJ Rimmington,0,1,0,0,0,0,0,1,0,1,100.0
YA Abdulla,1,0,0,0,0,0,0,1,0,0,0.0
Bipul Sharma,34,51,19,0,11,0,9,124,5,187,150.81
CK Langeveldt,6,2,0,0,0,0,1,9,2,8,88.89
V Pratap Singh,1,0,0,0,0,0,0,1,1,0,0.0
R Ninan,3,3,0,0,0,0,0,6,1,3,50.0
PV Tambe,24,14,0,0,1,0,0,39,1,18,46.15
Yashpal Singh,39,20,2,1,5,0,0,67,4,47,70.15
CM Gautam,84,40,8,3,17,0,6,158,9,169,106.96
KC Sangakkara,544,558,80,5,193,1,27,1408,62,1672,118.75
Y Venugopal Rao,354,341,53,1,77,1,37,864,33,985,114.0
CR Woakes,21,18,3,0,4,0,1,47,3,46,97.87
J Suchith,12,10,5,0,4,0,2,33,1,48,145.45
JR Hopes,120,114,19,1,49,0,11,314,15,417,132.8
AB de Villiers,753,971,184,12,278,0,157,2355,82,3429,145.61
CH Morris,78,113,28,0,33,0,23,275,10,439,159.64
DT Christian,119,162,28,2,22,0,18,351,22,420,119.66
DL Chahar,2,2,0,0,0,0,2,6,1,14,233.33
LPC Silva,10,8,3,0,5,0,1,27,2,40,148.15
T Henderson,11,3,1,0,0,0,1,16,1,11,68.75
S Nadeem,51,16,3,0,1,0,0,71,10,26,36.62
MA Agarwal,318,224,26,0,82,1,33,684,45,807,117.98
Mohammed Shami,24,14,2,0,4,0,2,46,7,46,100.0
TR Birt,27,15,6,0,9,0,2,59,5,75,127.12
R McLaren,76,78,8,1,14,0,1,178,6,159,89.33
Basil Thampi,11,10,3,0,1,0,1,26,0,26,100.0
B Lee,46,36,4,0,8,0,8,102,7,124,121.57
VS Malik,3,3,0,0,1,0,0,7,1,7,100.0
SA Yadav,174,196,32,2,54,0,21,479,27,608,126.93
Kamran Khan,3,1,1,0,0,0,0,5,1,3,60.0
PA Reddy,72,65,12,1,15,0,2,167,9,164,98.2
AC Thomas,8,8,1,0,1,0,1,19,1,20,105.26
JE Taylor,2,1,1,0,0,0,0,4,0,3,75.0
UBT Chand,170,88,15,0,32,0,9,314,20,300,95.54
MV Boucher,116,127,29,1,32,0,13,318,13,394,123.9
AS Raut,57,70,8,3,12,0,5,155,7,173,111.61
JDP Oram,50,46,3,0,6,0,5,110,8,106,96.36
AB Dinda,31,16,1,0,2,0,0,50,8,26,52.0
D Kalyankrishna,5,3,0,0,0,0,0,8,1,3,37.5
R Shukla,10,11,0,0,2,0,0,23,1,19,82.61
R Dhawan,56,48,13,1,13,0,4,135,6,153,113.33
SE Bond,1,1,0,0,0,0,0,2,1,1,50.0
Anureet Singh,21,19,0,0,2,0,1,43,4,33,76.74
Ishan Kishan,95,73,10,0,28,0,11,217,11,271,124.88
CL White,274,335,49,2,76,0,38,774,31,971,125.45
U Kaul,1,0,0,0,0,0,0,1,0,0,0.0
Ankit Soni,7,0,0,0,0,0,0,7,2,0,0.0
GC Smith,308,222,38,0,93,0,9,670,25,724,108.06
SA Abbott,7,3,1,0,1,0,1,13,1,15,115.38
KM Jadhav,221,299,45,1,70,0,32,668,31,864,129.34
RG Sharma,1185,1379,177,5,354,1,173,3274,120,4207,128.5
MJ Clarke,43,35,5,0,12,1,0,96,5,98,102.08
AC Gilchrist,737,417,66,4,239,0,92,1555,74,2069,133.05
TM Dilshan,485,334,52,2,140,0,24,1037,38,1148,110.7
AA Bilakhia,43,31,9,0,5,0,0,88,5,69,78.41
R Ashwin,105,103,14,0,22,0,2,246,18,231,93.9
SM Harwood,7,5,2,0,0,0,0,14,0,9,64.29
Shoaib Ahmed,5,1,0,0,0,0,0,6,1,1,16.67
KH Pandya,108,105,31,3,46,0,20,313,12,480,153.35
AB Agarkar,60,67,15,0,13,0,5,160,7,179,111.88
BMAJ Mendis,8,15,4,0,0,0,0,27,2,23,85.19
Ankit Sharma,29,23,6,0,7,0,4,69,7,87,126.09
RJ Peterson,15,12,1,0,3,0,1,32,1,32,100.0
RJ Harris,46,40,16,1,6,0,3,112,12,117,104.46
RE Levi,41,19,0,0,10,0,4,74,6,83,112.16
DL Vettori,46,54,4,1,11,0,2,118,6,121,102.54
Sachin Baby,40,37,13,0,11,0,5,106,7,137,129.25
STR Binny,235,239,47,7,58,0,28,614,32,754,122.8
SL Malinga,59,32,1,0,6,0,5,103,10,88,85.44
MK Pandey,737,772,121,7,197,2,65,1901,73,2223,116.94
VS Yeligati,1,0,1,0,0,0,0,2,0,2,100.0
A Mishra,168,162,20,0,27,0,5,382,19,340,89.01
SN Khan,22,32,9,0,13,0,5,81,5,132,162.96
AA Chavan,5,4,0,0,2,0,0,11,1,12,109.09
PJ Sangwan,18,14,3,0,1,0,0,36,5,24,66.67
Harmeet Singh,5,2,2,0,3,0,0,12,2,18,150.0
PJ Cummins,21,19,7,0,5,0,4,56,6,77,137.5
AP Tare,142,72,19,1,40,0,11,285,22,339,118.95
DE Bollinger,11,9,1,0,1,0,1,23,1,21,91.3
AB Barath,22,14,1,0,5,0,1,43,2,42,97.67
KP Appanna,2,2,0,0,0,0,0,4,0,2,50.0
PP Chawla,205,163,33,0,47,0,15,463,36,507,109.5
Z Khan,74,47,7,0,11,0,2,141,12,117,82.98
F du Plessis,359,453,75,8,110,0,38,1043,36,1295,124.16
JH Kallis,982,888,113,8,255,1,44,2291,80,2427,105.94
AM Rahane,965,992,153,13,308,0,57,2488,82,2911,117.0
SB Wagh,2,0,1,0,0,0,0,3,1,2,66.67
M Rawat,34,29,2,0,4,0,1,70,5,55,78.57
TA Boult,5,1,2,0,0,0,0,8,0,5,62.5
DJ Muthuswami,2,1,0,0,0,0,0,3,0,1,33.33
V Shankar,22,37,5,0,12,0,1,77,2,101,131.17
Joginder Sharma,10,14,3,0,1,0,2,30,3,36,120.0
AP Majumdar,28,33,7,0,7,0,2,77,4,87,112.99
M Klinger,36,30,2,1,9,0,0,78,4,73,93.59
K Goel,130,71,11,1,17,0,9,239,11,218,91.21
TL Suman,255,205,43,3,55,0,26,587,29,676,115.16
SS Iyer,281,228,34,1,79,0,32,655,28,807,123.21
V Sehwag,725,552,96,1,330,0,106,1810,91,2703,149.34
Iqbal Abdulla,36,34,6,0,9,0,1,86,1,88,102.33
J Theron,4,6,0,0,1,0,0,11,1,10,90.91
C Nanda,1,0,0,0,0,0,0,1,0,0,0.0
DJ Bravo,419,365,93,5,102,0,48,1032,53,1262,122.29
B Akhil,26,16,5,0,5,0,5,57,5,76,133.33
AG Paunikar,41,9,2,0,9,0,0,61,5,49,80.33
S Sreesanth,43,6,2,0,6,0,0,57,3,34,59.65
SR Watson,794,619,99,7,248,0,120,1887,77,2550,135.14
YS Chahal,15,13,1,0,0,0,0,29,1,15,51.72
LRPL Taylor,334,334,62,3,66,2,46,847,38,1017,120.07
PM Sarvesh Kumar,1,1,0,0,0,0,0,2,0,1,50.0
AG Murtaza,7,6,0,0,1,0,0,14,1,10,71.43
SP Goswami,124,92,15,1,26,0,2,260,14,241,92.69
K Rabada,35,25,2,0,5,0,1,68,3,55,80.88
NJ Maddinson,15,1,0,1,4,0,0,21,3,20,95.24
CJ Ferguson,58,42,10,0,9,0,0,119,5,98,82.35
DJ Harris,52,33,2,0,11,0,5,103,3,111,107.77
BJ Haddin,5,2,1,0,2,0,1,11,1,18,163.64
DW Steyn,71,54,19,0,14,0,3,161,19,166,103.11
Azhar Mahmood,124,116,19,0,39,0,13,311,16,388,124.76
VH Zol,13,7,2,0,3,0,1,26,2,29,111.54
Sunny Singh,12,11,1,0,6,0,1,31,3,43,138.71
DP Nannes,9,4,0,0,0,0,0,13,1,4,30.77
BE Hendricks,2,1,0,0,0,0,0,3,1,1,33.33
RJ Quiney,56,30,2,1,12,0,2,103,6,97,94.17
YV Takawale,100,41,12,0,26,1,3,183,8,192,104.92
AJ Tye,5,6,4,0,2,0,1,18,1,28,155.56
RR Powar,27,23,6,0,6,0,1,63,2,65,103.17
PA Patel,933,677,109,8,297,1,35,2060,97,2322,112.72
SM Katich,85,56,15,1,26,0,8,191,8,241,126.18
Harbhajan Singh,258,183,33,0,76,0,41,591,45,799,135.19
BJ Hodge,439,452,89,8,122,0,43,1153,40,1400,121.42
B Chipli,110,100,7,4,28,0,7,256,15,280,109.38
AC Voges,44,61,18,2,15,0,3,143,4,181,126.57
AC Blizzard,48,17,2,1,21,0,2,91,7,120,131.87
S Kaushik,1,0,0,0,0,0,0,1,1,0,0.0
JM Kemp,11,9,2,1,1,0,1,25,2,26,104.0
AD Mascarenhas,20,20,7,0,3,0,1,51,6,52,101.96
VVS Laxman,123,100,10,0,33,0,5,271,15,282,104.06
AT Rayudu,693,853,133,1,205,0,79,1964,80,2416,123.01
RN ten Doeschate,80,102,15,0,26,0,15,238,12,326,136.97
X Thalaivan Sargunam,9,6,2,0,0,0,0,17,1,10,58.82
WD Parnell,39,31,5,0,4,0,1,80,6,63,78.75
MF Maharoof,44,43,16,0,12,0,9,124,8,177,142.74
D Salunkhe,8,9,2,0,5,0,0,24,1,33,137.5
Y Nagar,113,109,18,2,20,0,9,271,13,285,105.17
AUK Pathan,14,3,2,0,5,0,2,26,5,39,150.0
A Singh,8,2,0,0,0,0,0,10,4,2,20.0
ND Doshi,13,0,0,0,0,0,0,13,1,0,0.0
D du Preez,5,6,2,0,0,0,0,13,1,10,76.92
RR Raje,6,10,0,0,1,0,1,18,1,20,111.11
DA Miller,382,464,106,1,104,0,78,1135,43,1563,137.71
RR Pant,134,145,24,1,47,0,30,381,18,564,148.03
AN Ahmed,11,8,3,0,4,0,1,27,1,36,133.33
S Gopal,16,10,0,0,1,0,0,27,1,14,51.85
A Choudhary,4,13,1,0,1,0,1,20,1,25,125.0
Shivam Sharma,1,1,0,0,1,0,0,3,1,5,166.67
SB Bangar,28,25,1,0,1,0,3,58,5,49,84.48
UT Khawaja,43,38,6,1,14,0,3,105,4,127,120.95
DM Bravo,2,2,0,0,1,0,0,5,0,6,120.0
DPMD Jayawardene,604,550,89,4,198,1,40,1486,55,1777,119.58
Mohammad Ashraful,10,2,0,0,0,0,0,12,1,2,16.67
SK Raina,1161,1376,242,10,402,1,174,3366,121,4547,135.09
GJ Bailey,207,222,44,1,59,0,19,552,23,663,120.11
S Dhawan,1210,1137,168,16,401,2,71,3005,95,3561,118.5
HM Amla,150,164,22,1,60,0,21,418,12,577,138.04
CA Ingram,9,4,0,0,1,0,0,14,2,8,57.14
SW Tait,11,13,0,0,1,0,1,26,3,23,88.46
HV Patel,14,15,3,0,2,0,2,36,7,41,113.89
Shoaib Malik,16,24,4,0,5,0,0,49,4,52,106.12
AM Nayar,234,230,47,1,55,1,20,588,30,672,114.29
T Thushara,10,6,3,0,0,0,0,19,1,12,63.16
MM Patel,18,17,1,0,5,0,0,41,4,39,95.12
Mohammad Nabi,2,0,1,0,0,0,0,3,1,2,66.67
SPD Smith,422,587,113,5,149,0,45,1321,42,1694,128.24
AS Rajpoot,11,0,1,0,1,0,0,13,1,6,46.15
BCJ Cutting,27,20,4,0,9,0,10,70,4,124,177.14
Abdur Razzak,2,0,0,0,0,0,0,2,0,0,0.0
C Munro,13,12,3,0,3,0,0,31,1,30,96.77
SN Thakur,5,3,0,0,1,0,0,9,3,7,77.78
Anirudh Singh,34,23,5,0,6,0,1,69,4,63,91.3
A Zampa,6,1,0,0,1,0,0,8,2,5,62.5
IK Pathan,356,393,73,2,81,1,36,942,42,1090,115.71
CJ McKay,8,6,1,0,0,0,0,15,1,8,53.33
AR Patel,169,224,39,0,34,0,28,494,26,606,122.67
JP Duminy,535,769,123,6,123,0,78,1634,45,1993,121.97
MP Stoinis,51,51,16,0,14,0,4,136,7,163,119.85
S Tyagi,1,3,0,0,0,0,0,4,0,3,75.0
MJ McClenaghan,19,17,1,0,2,0,6,45,6,63,140.0
Kuldeep Yadav,9,10,1,0,2,0,0,22,2,20,90.91
S Sriram,18,15,2,0,3,0,0,38,2,31,81.58
D Wiese,25,40,6,0,10,0,4,85,3,116,136.47
Mashrafe Mortaza,1,0,1,0,0,0,0,2,0,2,100.0
KD Karthik,848,955,167,6,283,3,70,2332,107,2874,123.24
MJ Lumb,96,41,9,1,45,0,6,198,10,278,140.4
JDS Neesham,25,10,7,0,3,0,1,46,3,42,91.3
TM Srivastava,5,5,0,1,0,0,0,11,1,8,72.73
AS Yadav,18,13,2,0,5,0,2,40,5,49,122.5
A Uniyal,3,4,0,0,0,0,0,7,1,4,57.14
MA Khote,10,8,1,0,2,0,1,22,2,24,109.09
AB McDonald,38,42,9,1,9,0,4,103,5,123,119.42
SK Warne,105,80,12,0,14,0,6,217,15,196,90.32
BJ Rohrer,50,44,13,1,19,0,5,132,6,179,135.61
SP Jackson,10,14,2,0,5,0,0,31,2,38,122.58
RR Bhatkal,2,0,0,0,0,0,0,2,1,0,0.0
JO Holder,18,6,2,0,4,0,2,32,3,38,118.75
J Arunkumar,16,3,0,0,5,0,0,24,2,23,95.83
KK Nair,371,305,62,4,133,0,25,900,41,1123,124.78
KW Richardson,17,16,3,0,2,0,1,39,3,36,92.31
Kamran Akmal,33,20,4,0,13,0,8,78,3,128,164.1
JJ van der Wath,8,6,1,0,1,0,1,17,2,18,105.88
M Morkel,35,33,8,1,11,0,5,93,10,126,135.48
R Dravid,819,681,118,1,269,2,28,1918,71,2174,113.35
M Vijay,930,663,155,17,237,1,89,2092,83,2511,120.03
JA Morkel,252,288,55,1,61,0,55,712,36,975,136.94
KMDN Kulasekara,1,1,0,0,1,0,0,3,0,5,166.67
RT Ponting,69,47,6,0,5,0,2,129,8,91,70.54
DH Yagnik,62,44,11,0,23,0,2,142,9,170,119.72
AR Bawne,4,6,1,0,1,0,0,12,0,12,100.0
LMP Simmons,402,269,52,2,109,0,44,878,26,1079,122.89
S Rana,33,29,10,0,9,0,1,82,4,91,110.98
HH Gibbs,410,264,45,3,83,1,31,837,29,886,105.85
LA Pomersbach,109,85,18,1,25,0,13,251,10,302,120.32
P Dogra,63,58,10,1,4,0,5,141,7,127,90.07
P Negi,115,102,24,1,26,0,16,284,17,353,124.3
FH Edwards,3,1,0,1,0,0,0,5,1,4,80.0
T Kohli,14,5,0,0,0,0,1,20,2,11,55.0
MG Johnson,78,52,11,1,8,0,7,157,13,151,96.18
CJ Anderson,190,128,25,1,40,0,30,414,16,521,125.85
CH Gayle,1175,717,70,3,296,0,265,2526,86,3640,144.1
CR Brathwaite,27,11,2,0,8,0,8,56,8,95,169.64
MEK Hussey,643,648,96,11,198,0,52,1648,47,1977,119.96
A Nehra,37,21,1,0,3,0,1,63,6,41,65.08
SB Styris,53,63,5,0,10,0,3,134,7,131,97.76
KP Pietersen,290,284,48,4,91,1,40,758,26,1001,132.06
MS Wade,4,7,2,0,0,0,0,13,2,11,84.62
RP Singh,41,31,2,1,2,0,1,78,11,52,66.67
DJ Hooda,89,114,28,0,19,0,18,268,20,354,132.09
Umar Gul,8,5,0,0,1,0,5,19,2,39,205.26
MS Bisla,370,204,36,3,92,0,23,728,33,791,108.65
MK Tiwary,552,615,75,7,152,4,39,1444,50,1648,114.13
PP Ojha,30,14,1,0,0,0,0,45,8,16,35.56
Parvez Rasool,7,11,1,0,1,0,0,20,2,17,85.0
TM Head,43,67,21,0,12,0,8,151,5,205,135.76
Swapnil Singh,10,8,2,0,0,0,0,20,3,12,60.0
M de Lange,1,1,0,0,0,0,0,2,1,1,50.0
RR Sarwan,34,31,6,0,6,0,1,78,3,73,93.59
GD McGrath,4,0,0,0,1,0,0,5,1,4,80.0
UA Birla,11,3,0,0,1,0,0,15,1,7,46.67
Shoaib Akhtar,6,2,0,0,0,0,0,8,1,2,25.0
JD Ryder,200,145,30,3,69,0,19,466,26,604,129.61
RA Tripathi,113,88,13,1,43,0,17,275,11,391,142.18
C de Grandhomme,31,40,5,0,10,0,6,92,8,126,136.96
Harpreet Singh,8,16,2,0,0,0,0,26,2,20,76.92
SJ Srivastava,1,3,1,0,0,0,0,5,1,5,100.0
MR Marsh,84,83,11,0,9,0,14,201,11,225,111.94
TS Mills,8,2,0,0,0,0,1,11,3,8,72.73
MN Samuels,86,61,11,0,9,0,7,174,10,161,92.53
SS Shaikh,4,2,0,0,1,0,0,7,0,6,85.71
MDKJ Perera,8,2,0,0,3,0,0,13,2,14,107.69
DR Martyn,10,15,0,0,1,0,0,26,1,19,73.08
CJ Jordan,3,1,1,0,0,0,0,5,1,3,60.0
AN Ghosh,5,1,1,0,1,0,0,8,2,7,87.5
DS Lehmann,10,6,0,0,3,0,0,19,2,18,94.74
NM Coulter-Nile,31,14,1,0,3,0,4,53,7,52,98.11
SW Billings,57,73,14,1,23,0,5,173,10,226,130.64
NV Ojha,630,433,64,10,120,0,79,1336,68,1545,115.64
CRD Fernando,0,2,1,0,0,0,0,3,0,4,133.33
DNT Zoysa,3,3,2,0,1,0,0,9,1,11,122.22
Misbah-ul-Haq,31,29,6,0,10,0,6,82,7,117,142.68
SB Jakati,12,14,1,0,3,0,0,30,1,28,93.33
M Kartik,32,58,8,1,7,0,1,107,5,111,103.74
MS Dhoni,926,1085,251,11,251,0,156,2680,87,3560,132.84
BB Samantray,48,45,8,0,13,0,2,116,4,125,107.76
DB Ravi Teja,124,136,18,3,35,0,9,325,18,375,115.38
WPUJC Vaas,24,33,11,0,2,0,3,73,6,81,110.96
ML Hayden,367,257,48,2,121,0,44,839,28,1107,131.94
M Vohra,333,219,58,9,95,1,35,750,35,957,127.6
N Saini,68,43,15,1,16,0,0,143,10,140,97.9
KC Cariappa,8,9,0,0,0,0,1,18,3,15,83.33
