,Bat_Average,Bowl_Average,Economy,FastScorer,HardHitter,Toss,WicketTaker,Winner,city,team1,team2,toss_decision,venue,win_fact
0,3.07,2.48,1.57,0.14,0.12,3,1.68,5,13,5,3,1,23,5
1,3.64,-6.12,-1.72,0.1,0.07,2,-2.58,2,24,1,2,1,16,2
2,1.42,12.9,1.02,-0.02,0.02,7,8.57,7,26,8,7,1,25,7
3,-1.36,1.73,1.68,0.13,0.16,6,0.75,6,14,2,6,1,11,6
4,2.12,1.97,1.18,-0.09,-0.12,4,1.39,3,2,3,4,0,14,3
5,-3.17,6.55,-1.16,-0.16,-0.08,5,4.39,5,13,8,5,1,23,5
6,-3.26,-6.02,-0.25,-0.16,-0.15,1,-4.78,1,21,7,1,1,34,7
7,0.54,-6.54,0.31,0.07,0.07,6,-4.11,6,14,3,6,0,11,6
8,-0.22,-10.24,-2.55,0.03,0.02,2,-6.25,4,24,4,2,1,16,4
9,1.33,0.32,1.92,-0.02,-0.04,1,-0.61,1,21,5,1,1,34,1
10,0.98,10.41,0.3,-0.06,-0.09,7,6.61,7,20,6,7,1,7,7
11,-1.74,-2.16,0.35,-0.15,-0.16,1,-2.28,1,2,3,1,1,14,1
12,-1.8,-0.75,0.96,0.08,0.06,8,-1.2,8,26,2,8,1,25,8
13,-4.59,-6.35,-2.18,-0.15,-0.1,5,-4.18,7,20,7,5,1,7,5
14,-1.58,-8.51,-0.88,0.16,0.19,6,-5.5,4,9,4,6,0,8,4
15,-1.84,6.87,0.76,-0.18,-0.13,1,3.79,1,21,8,1,1,34,1
16,-1.9,8.28,1.37,0.06,0.1,3,4.87,2,2,2,3,1,14,2
17,-0.6,1.9,-0.58,0.1,0.1,7,1.11,7,9,4,7,0,8,7
18,3.61,-4.07,1.88,0.21,0.19,6,-2.44,5,13,5,6,1,23,5
19,0.1,-9.03,-0.41,0.03,-0.04,8,-6.07,3,26,3,8,1,25,3
20,5.19,4.44,2.76,0.05,0.0,4,3.07,5,13,5,4,0,23,4
21,-2.28,4.39,0.04,-0.22,-0.23,1,1.83,1,14,6,1,1,11,1
22,-1.42,-12.9,-1.02,0.02,-0.02,8,-8.57,8,20,7,8,1,7,8
23,3.86,4.12,0.83,0.06,0.04,4,3.67,1,21,1,4,1,34,1
24,4.97,-5.8,0.2,0.08,0.02,2,-3.19,2,24,5,2,1,16,2
25,-0.44,-2.49,-0.72,-0.04,-0.11,8,-1.96,6,26,6,8,1,25,6
26,-1.52,-3.87,-0.6,-0.01,0.02,3,-2.5,7,20,7,3,1,7,7
27,-3.64,6.12,1.72,-0.1,-0.07,1,2.58,2,21,2,1,1,34,1
28,-0.38,12.14,1.97,0.07,0.08,7,7.36,7,24,2,7,1,16,7
29,0.1,-9.03,-0.41,0.03,-0.04,8,-6.07,8,2,3,8,1,14,8
30,-0.6,1.9,-0.58,0.1,0.1,7,1.11,7,20,4,7,1,7,7
31,3.61,-4.07,1.88,0.21,0.19,6,-2.44,5,6,5,6,1,21,5
32,-1.9,8.28,1.37,0.06,0.1,3,4.87,2,24,2,3,1,16,2
33,-1.84,6.87,0.76,-0.18,-0.13,1,3.79,1,26,8,1,0,25,1
34,-1.58,-8.51,-0.88,0.16,0.19,6,-5.5,6,6,4,6,1,21,4
35,4.59,6.35,2.18,0.15,0.1,7,4.18,5,13,5,7,1,23,5
36,-1.74,-2.16,0.35,-0.15,-0.16,1,-2.28,1,21,3,1,0,34,1
37,1.8,0.75,-0.96,-0.08,-0.06,2,1.2,2,24,8,2,1,16,2
38,5.19,4.44,2.76,0.05,0.0,4,3.07,4,9,5,4,1,8,4
39,0.38,-12.14,-1.97,-0.07,-0.08,2,-7.36,2,20,7,2,1,7,2
40,2.02,11.0,1.59,-0.12,-0.08,4,7.46,4,9,8,4,1,8,4
41,-0.54,6.54,-0.31,-0.07,-0.07,3,4.11,6,2,6,3,1,14,3
42,-4.97,5.8,-0.2,-0.08,-0.02,5,3.19,2,13,2,5,1,23,2
43,3.86,4.12,0.83,0.06,0.04,4,3.67,1,9,1,4,1,8,1
44,1.52,3.87,0.6,0.01,-0.02,7,2.5,7,2,3,7,1,14,7
45,-0.44,-2.49,-0.72,-0.04,-0.11,8,-1.96,8,6,6,8,1,21,8
46,-1.33,-0.32,-1.92,0.02,0.04,5,0.61,5,13,1,5,0,23,5
47,0.98,10.41,0.3,-0.06,-0.09,7,6.61,6,6,6,7,1,21,6
48,2.02,11.0,1.59,-0.12,-0.08,4,7.46,4,17,8,4,1,9,8
49,-2.28,4.39,0.04,-0.22,-0.23,1,1.83,6,21,6,1,1,34,6
50,-0.22,-10.24,-2.55,0.03,0.02,2,-6.25,4,9,4,2,0,8,4
51,-3.17,6.55,-1.16,-0.16,-0.08,5,4.39,5,17,8,5,1,9,5
52,3.26,6.02,0.25,0.16,0.15,7,4.78,1,20,1,7,1,7,1
53,1.36,-1.73,-1.68,-0.13,-0.16,2,-0.75,2,24,6,2,1,16,2
54,2.12,1.97,1.18,-0.09,-0.12,4,1.39,3,9,3,4,0,8,3
55,-3.64,6.12,1.72,-0.1,-0.07,1,2.58,2,21,2,1,1,34,1
56,4.59,6.35,2.18,0.15,0.1,7,4.18,7,2,5,7,1,14,7
57,-3.26,-6.02,-0.25,-0.16,-0.15,1,-4.78,1,2,7,1,1,14,1
58,3.64,-6.12,-1.72,0.1,0.07,2,-2.58,1,13,1,2,0,23,1
59,-0.73,-12.39,-1.08,-0.04,-0.03,3,-6.99,7,2,7,3,1,14,7
60,1.79,-6.14,-0.28,-0.01,-0.02,6,-5.48,10,6,10,6,0,22,10
61,-1.67,-11.97,-2.68,0.02,0.01,4,-5.84,4,9,11,4,0,8,4
62,-2.97,-16.54,-0.61,0.03,0.05,3,-10.3,3,21,1,3,0,34,1
63,-1.2,-0.32,0.64,0.09,0.08,7,-0.64,7,20,9,7,0,7,7
64,5.54,2.7,0.04,0.12,0.12,11,2.03,11,15,6,11,0,26,11
65,0.29,-10.34,-2.03,0.12,0.09,4,-4.64,4,13,9,4,0,23,4
66,6.41,-1.25,-0.72,0.02,0.02,1,-1.99,10,7,10,1,1,15,10
67,1.95,1.63,0.65,0.1,0.08,11,1.21,11,13,9,11,1,23,11
68,4.62,4.89,-0.44,0.03,0.04,1,3.49,6,6,6,1,1,22,6
69,3.89,14.34,1.08,0.05,0.03,11,8.83,11,2,3,11,1,14,3
70,-4.18,5.4,0.25,-0.09,-0.09,10,5.3,10,7,7,10,0,15,10
71,-1.03,-3.83,-0.18,-0.02,-0.01,9,-2.67,9,21,1,9,1,4,9
72,-3.88,9.28,2.64,-0.13,-0.12,6,3.81,6,6,4,6,0,22,6
73,3.44,-17.79,-1.32,0.05,0.07,3,-12.29,10,2,10,3,0,14,10
74,2.23,4.15,-0.47,-0.07,-0.08,1,3.31,1,20,7,1,0,7,1
75,-2.23,-2.37,1.59,-0.07,-0.03,3,-2.99,4,9,4,3,1,8,4
76,-3.59,-1.06,0.61,-0.01,-0.03,6,-0.82,6,13,9,6,1,23,9
77,-3.16,-1.96,-0.01,-0.02,0.0,7,-1.85,11,15,11,7,0,26,11
78,5.67,-15.42,-2.92,0.12,0.1,4,-9.3,4,7,10,4,0,15,4
79,-1.94,-12.71,-0.43,0.05,0.06,3,-7.63,3,13,9,3,0,23,3
80,2.39,0.74,0.03,0.1,0.12,7,0.19,6,6,6,7,0,22,6
81,-0.74,-14.17,-2.2,0.1,0.08,4,-7.31,1,21,1,4,1,4,1
82,7.33,-3.45,-0.24,0.1,0.09,11,-3.45,11,15,10,11,0,26,11
83,-1.65,11.64,1.05,-0.06,-0.09,6,6.8,6,2,3,6,1,14,3
84,5.38,-5.08,-0.89,0.0,0.01,9,-4.66,9,7,10,9,1,15,9
85,-0.93,2.2,-0.48,-0.08,-0.08,1,1.46,1,21,11,1,1,4,1
86,-5.67,15.42,2.92,-0.12,-0.1,10,9.3,10,9,4,10,1,8,10
87,-0.73,-12.39,-1.08,-0.04,-0.03,3,-6.99,7,20,7,3,0,7,7
88,1.95,1.63,0.65,0.1,0.08,11,1.21,11,15,9,11,1,26,11
89,2.97,16.54,0.61,-0.03,-0.05,1,10.3,1,2,3,1,1,14,1
90,1.79,-6.14,-0.28,-0.01,-0.02,6,-5.48,10,7,10,6,1,15,6
91,1.2,0.32,-0.64,-0.09,-0.08,9,0.64,7,13,7,9,0,23,7
92,1.67,11.97,2.68,-0.02,-0.01,11,5.84,11,15,4,11,1,26,11
93,-1.65,11.64,1.05,-0.06,-0.09,6,6.8,6,6,3,6,0,22,6
94,1.49,-10.02,-2.67,0.03,0.01,4,-4.0,7,20,7,4,0,7,7
95,6.41,-1.25,-0.72,0.02,0.02,1,-1.99,1,21,10,1,1,34,1
96,5.54,2.7,0.04,0.12,0.12,11,2.03,6,6,6,11,1,22,6
97,-0.29,10.34,2.03,-0.12,-0.09,9,4.64,4,9,4,9,1,8,9
98,2.23,4.15,-0.47,-0.07,-0.08,1,3.31,1,21,7,1,1,34,1
99,-3.88,9.28,2.64,-0.13,-0.12,6,3.81,6,9,4,6,0,8,6
100,-3.89,-14.34,-1.08,-0.05,-0.03,3,-8.83,11,15,11,3,1,26,11
101,-1.03,-3.83,-0.18,-0.02,-0.01,9,-2.67,1,13,1,9,1,23,1
102,-4.18,5.4,0.25,-0.09,-0.09,10,5.3,10,20,7,10,0,7,10
103,2.23,2.37,-1.59,0.07,0.03,4,2.99,4,2,3,4,1,14,4
104,3.16,1.96,0.01,0.02,-0.0,11,1.85,11,20,7,11,1,7,7
105,4.62,4.89,-0.44,0.03,0.04,1,3.49,6,21,6,1,1,34,6
106,-3.44,17.79,1.32,-0.05,-0.07,10,12.29,3,7,3,10,0,15,3
107,-3.59,-1.06,0.61,-0.01,-0.03,6,-0.82,6,6,9,6,1,22,6
108,-0.74,-14.17,-2.2,0.1,0.08,4,-7.31,4,9,1,4,1,8,4
109,-7.33,3.45,0.24,-0.1,-0.09,10,3.45,11,7,11,10,0,15,11
110,1.94,12.71,0.43,-0.05,-0.06,9,7.63,3,2,3,9,1,14,3
111,2.39,0.74,0.03,0.1,0.12,7,0.19,7,20,6,7,0,7,6
112,0.93,-2.2,0.48,0.08,0.08,11,-1.46,11,15,1,11,1,26,11
113,-5.38,5.08,0.89,-0.0,-0.01,10,4.66,10,13,9,10,0,23,10
114,-1.67,-11.97,-2.68,0.02,0.01,4,-5.84,11,21,11,4,1,34,11
115,-1.79,6.14,0.28,0.01,0.02,10,5.48,10,21,6,10,0,34,10
116,7.33,-3.45,-0.24,0.1,0.09,11,-3.45,11,21,10,11,1,4,11
117,-0.83,3.89,1.58,-0.03,0.01,10,4.04,1,4,1,10,1,19,1
118,4.76,11.72,1.45,0.15,0.11,11,8.83,3,4,3,11,0,19,11
119,-3.74,-0.85,0.07,0.0,0.1,4,-0.03,4,4,6,4,1,19,4
120,2.36,4.34,0.63,-0.03,-0.02,9,3.45,9,4,7,9,0,19,9
121,0.19,-7.39,-0.98,-0.02,-0.02,3,-7.18,10,23,10,3,0,30,10
122,-5.37,0.16,-0.21,-0.12,0.01,7,-1.05,7,11,6,7,1,13,7
123,-4.61,-6.77,-0.54,-0.09,-0.08,3,-5.73,9,4,9,3,0,19,9
124,-4.06,5.97,0.79,-0.23,-0.16,10,3.87,4,11,4,10,0,13,4
125,-2.51,-9.29,-1.54,-0.02,-0.02,7,-6.54,11,4,11,7,1,19,7
126,7.61,2.27,0.12,0.24,0.08,6,3.34,6,11,3,6,0,13,6
127,-3.97,-3.28,-1.14,-0.05,-0.06,1,-2.59,9,11,9,1,0,13,9
128,3.87,1.42,0.19,0.24,0.18,4,3.31,4,23,3,4,0,30,4
129,-2.86,9.44,1.33,-0.09,0.03,11,5.49,6,4,6,11,0,19,6
130,4.79,-0.62,-0.44,0.08,0.05,9,-1.45,9,11,10,9,1,13,9
131,1.61,-1.07,0.51,0.08,0.08,7,-0.86,1,23,1,7,0,30,1
132,0.88,10.29,1.26,-0.1,-0.07,11,5.52,11,5,4,11,0,32,4
133,-2.25,-2.43,0.09,-0.12,-0.09,3,-2.29,3,11,7,3,0,13,3
134,-6.98,1.22,-0.72,-0.2,-0.07,1,-0.2,6,11,6,1,0,13,6
135,-0.73,-5.35,-0.35,0.15,0.11,4,-2.42,4,5,9,4,1,32,4
136,4.94,4.33,0.47,0.13,0.09,11,1.64,10,5,10,11,1,32,10
137,1.61,-1.07,0.51,0.08,0.08,7,-0.86,1,12,1,7,0,2,1
138,7.61,2.27,0.12,0.24,0.08,6,3.34,3,11,3,6,0,13,3
139,0.15,4.94,0.91,0.05,0.04,11,3.09,11,23,9,11,0,30,9
140,4.06,-5.97,-0.79,0.23,0.16,4,-3.87,10,16,10,4,1,18,10
141,5.37,-0.16,0.21,0.12,-0.01,6,1.05,6,23,7,6,0,30,6
142,-0.64,-3.5,0.6,-0.04,-0.01,3,-3.15,3,16,1,3,0,18,3
143,4.79,-0.62,-0.44,0.08,0.05,9,-1.45,10,12,10,9,0,2,10
144,2.86,-9.44,-1.33,0.09,-0.03,6,-5.49,11,11,11,6,1,13,11
145,1.62,-1.01,0.27,0.12,0.09,4,1.02,4,11,7,4,0,13,4
146,-3.97,-3.28,-1.14,-0.05,-0.06,1,-2.59,9,5,9,1,0,32,1
147,4.76,11.72,1.45,0.15,0.11,11,8.83,11,5,3,11,1,32,11
148,7.8,-5.12,-0.86,0.23,0.06,6,-3.84,10,5,10,6,0,32,10
149,3.23,-2.07,0.78,0.2,0.17,4,0.17,4,12,1,4,0,2,4
150,3.01,-4.5,-0.42,0.15,0.01,6,-2.39,6,18,9,6,1,3,6
151,-4.94,-4.33,-0.47,-0.13,-0.09,10,-1.64,10,18,11,10,0,3,10
152,-0.64,-3.5,0.6,-0.04,-0.01,3,-3.15,1,23,1,3,0,30,1
153,1.62,-1.01,0.27,0.12,0.09,4,1.02,4,16,7,4,1,18,7
154,0.15,4.94,0.91,0.05,0.04,11,3.09,9,18,9,11,0,3,9
155,-2.25,-2.43,0.09,-0.12,-0.09,3,-2.29,3,5,7,3,1,32,3
156,-6.98,1.22,-0.72,-0.2,-0.07,1,-0.2,1,5,6,1,0,32,1
157,0.73,5.35,0.35,-0.15,-0.11,9,2.42,4,11,4,9,1,13,4
158,0.19,-7.39,-0.98,-0.02,-0.02,3,-7.18,3,11,10,3,0,13,3
159,-4.12,-8.22,-2.05,-0.11,-0.1,1,-5.68,11,11,11,1,0,13,11
160,3.74,0.85,-0.07,-0.0,-0.1,6,0.03,6,3,4,6,1,20,4
161,-0.83,3.89,1.58,-0.03,0.01,10,4.04,10,23,1,10,0,30,10
162,2.36,4.34,0.63,-0.03,-0.02,9,3.45,9,16,7,9,1,18,9
163,-3.01,4.5,0.42,-0.15,-0.01,9,2.39,6,16,6,9,1,18,6
164,0.88,10.29,1.26,-0.1,-0.07,11,5.52,4,3,4,11,0,20,4
165,2.44,-4.96,-1.07,0.11,0.07,7,-4.9,7,5,10,7,0,32,7
166,-3.87,-1.42,-0.19,-0.24,-0.18,3,-3.31,3,16,4,3,0,18,3
167,-2.51,-9.29,-1.54,-0.02,-0.02,7,-6.54,7,11,11,7,1,13,11
168,7.8,-5.12,-0.86,0.23,0.06,6,-3.84,10,11,10,6,0,13,10
169,3.23,-2.07,0.78,0.2,0.17,4,0.17,4,5,1,4,1,32,4
170,4.61,6.77,0.54,0.09,0.08,9,5.73,3,5,3,9,0,32,3
171,0.73,5.35,0.35,-0.15,-0.11,9,2.42,9,5,4,9,1,32,9
172,0.19,-7.39,-0.98,-0.02,-0.02,3,-7.18,3,16,10,3,1,18,3
173,-4.61,-6.77,-0.54,-0.09,-0.08,3,-5.73,9,16,9,3,1,18,9
174,0.85,10.67,2.09,-0.05,-0.03,9,7.19,7,21,7,9,1,4,9
175,5.23,3.01,0.71,0.13,0.18,11,1.93,1,21,1,11,0,1,1
176,2.98,-7.56,-0.87,0.08,0.09,4,-5.21,4,6,6,4,1,22,4
177,1.96,-5.2,-2.36,0.13,0.1,7,-2.36,7,20,3,7,1,7,7
178,-1.85,-8.51,-1.03,-0.1,-0.07,10,-7.32,9,7,9,10,0,15,9
179,-3.64,-1.42,-0.74,0.02,-0.02,4,-1.54,4,1,11,4,1,24,4
180,0.67,-2.17,0.82,-0.06,-0.0,3,-1.93,3,2,6,3,0,14,3
181,0.99,-2.16,-1.06,0.15,0.09,7,0.13,10,20,10,7,0,7,7
182,1.59,1.59,-0.03,0.16,0.16,4,0.39,1,9,1,4,1,8,1
183,-5.94,3.97,0.94,-0.11,-0.11,3,1.74,3,2,11,3,1,14,3
184,-1.34,2.35,0.39,-0.15,-0.08,10,0.79,10,9,4,10,0,8,10
185,-3.49,-3.3,-0.55,-0.02,-0.07,6,-2.9,9,8,9,6,1,0,9
186,-3.98,-1.23,-1.42,0.02,-0.01,7,-0.62,11,1,11,7,0,24,11
187,-0.72,6.98,1.65,0.02,0.07,3,3.67,3,21,1,3,0,1,3
188,-0.51,-10.86,-1.42,0.05,0.02,4,-8.11,9,8,9,4,0,0,4
189,1.64,-5.21,-0.48,-0.07,0.01,10,-4.42,6,7,6,10,1,15,6
190,-1.25,-1.77,0.7,-0.16,-0.17,1,-1.31,1,21,7,1,0,1,1
191,0.97,-3.04,-1.29,-0.01,0.01,10,-2.49,3,2,3,10,1,14,3
192,-6.62,6.14,0.13,-0.05,-0.11,6,3.67,11,6,11,6,1,22,11
193,-0.25,-3.94,-0.36,-0.01,-0.07,1,-1.18,1,21,10,1,1,1,1
194,3.13,-9.44,-0.68,0.03,0.03,11,-6.57,11,1,9,11,0,24,11
195,-2.64,7.37,1.54,-0.08,-0.1,6,4.29,7,6,7,6,0,22,6
196,-2.31,5.39,1.68,-0.13,-0.09,3,3.28,4,2,4,3,1,14,4
197,-4.98,0.93,-0.35,-0.12,-0.1,10,-0.75,11,1,11,10,0,24,11
198,2.1,12.45,1.39,0.1,0.14,9,8.5,1,21,1,9,1,4,1
199,-0.35,0.19,-0.67,0.0,0.01,7,0.92,4,9,4,7,0,8,4
200,1.39,-9.14,-0.84,-0.08,-0.07,1,-5.6,1,21,6,1,1,1,1
201,0.97,-3.04,-1.29,-0.01,0.01,10,-2.49,10,7,3,10,0,15,10
202,3.64,1.42,0.74,-0.02,0.02,11,1.54,4,9,4,11,0,8,11
203,0.85,10.67,2.09,-0.05,-0.03,9,7.19,7,20,7,9,0,7,7
204,0.67,-2.17,0.82,-0.06,-0.0,3,-1.93,3,6,6,3,0,22,3
205,4.98,-0.93,0.35,0.12,0.1,11,0.75,10,7,10,11,0,15,10
206,2.1,12.45,1.39,0.1,0.14,9,8.5,1,21,1,9,0,1,1
207,-2.64,7.37,1.54,-0.08,-0.1,6,4.29,6,20,7,6,0,7,6
208,-2.31,5.39,1.68,-0.13,-0.09,3,3.28,4,9,4,3,0,8,4
209,-3.13,9.44,0.68,-0.03,-0.03,9,6.57,11,22,11,9,0,33,9
210,-0.25,-3.94,-0.36,-0.01,-0.07,1,-1.18,10,7,10,1,0,15,10
211,6.62,-6.14,-0.13,0.05,0.11,11,-3.67,11,15,6,11,0,26,11
212,0.35,-0.19,0.67,-0.0,-0.01,4,-0.92,7,20,7,4,0,7,7
213,2.81,5.47,-0.26,0.08,0.08,9,4.83,9,2,3,9,1,14,9
214,-1.39,9.14,0.84,0.08,0.07,6,5.6,6,6,1,6,0,22,6
215,1.85,8.51,1.03,0.1,0.07,9,7.32,9,22,10,9,0,33,9
216,-1.96,5.2,2.36,-0.13,-0.1,3,2.36,3,2,7,3,1,14,7
217,-2.98,7.56,0.87,-0.08,-0.09,6,5.21,6,9,4,6,0,8,6
218,5.23,3.01,0.71,0.13,0.18,11,1.93,1,15,1,11,1,26,1
219,-2.81,-5.47,0.26,-0.08,-0.08,3,-4.83,9,22,9,3,1,33,9
220,1.59,1.59,-0.03,0.16,0.16,4,0.39,1,21,1,4,0,1,1
221,-0.99,2.16,1.06,-0.15,-0.09,10,-0.13,10,7,7,10,0,15,10
222,-5.94,3.97,0.94,-0.11,-0.11,3,1.74,3,15,11,3,0,26,3
223,1.34,-2.35,-0.39,0.15,0.08,4,-0.79,4,7,10,4,0,15,10
224,3.49,3.3,0.55,0.02,0.07,9,2.9,9,10,6,9,1,10,9
225,-0.72,6.98,1.65,0.02,0.07,3,3.67,1,2,1,3,1,14,1
226,-3.98,-1.23,-1.42,0.02,-0.01,7,-0.62,7,20,11,7,0,7,7
227,1.64,-5.21,-0.48,-0.07,0.01,10,-4.42,10,10,6,10,1,10,10
228,-0.51,-10.86,-1.42,0.05,0.02,4,-8.11,9,9,9,4,0,8,9
229,1.25,1.77,-0.7,0.16,0.17,7,1.31,7,20,1,7,0,7,7
230,-0.72,6.98,1.65,0.02,0.07,3,3.67,1,21,1,3,0,4,3
231,1.85,8.51,1.03,0.1,0.07,9,7.32,10,21,10,9,0,4,10
232,-2.81,-5.47,0.26,-0.08,-0.08,3,-4.83,3,21,9,3,0,4,3
233,-0.25,-3.94,-0.36,-0.01,-0.07,1,-1.18,10,21,10,1,0,4,10
234,-0.18,-2.51,-1.15,0.18,0.08,7,0.3,10,7,10,7,0,15,10
235,2.69,-2.69,0.49,0.05,0.0,11,-2.89,11,13,9,11,1,23,11
236,-0.73,-18.12,-0.9,-0.08,-0.09,3,-12.79,3,19,13,3,0,17,3
237,-2.76,-1.75,-0.51,-0.04,-0.02,1,-1.45,1,9,4,1,0,8,4
238,-0.54,-11.82,-0.39,0.09,0.11,12,-9.89,12,21,6,12,0,4,12
239,5.69,6.25,-0.55,-0.05,0.02,9,3.46,7,20,7,9,0,7,7
240,2.83,5.12,-0.18,0.12,0.13,11,2.32,11,15,4,11,0,26,11
241,-3.21,6.23,-0.54,-0.02,-0.0,1,4.71,1,2,3,1,1,14,1
242,6.65,3.74,-0.08,0.01,-0.05,6,3.35,6,6,10,6,1,22,6
243,-0.45,-14.14,-0.36,-0.02,0.02,12,-11.73,12,21,13,12,0,4,12
244,0.31,-15.79,0.7,-0.1,-0.15,3,-11.37,9,13,9,3,1,23,3
245,-8.39,-3.56,0.06,-0.01,-0.02,7,-0.57,7,15,11,7,1,26,7
246,3.94,11.89,1.44,0.09,0.1,13,8.08,13,21,1,13,1,34,13
247,5.83,-12.05,-1.01,0.03,-0.05,3,-7.61,10,7,10,3,0,15,10
248,1.13,0.01,1.62,-0.12,-0.15,6,-0.41,6,13,9,6,1,23,6
249,-0.73,4.0,-0.56,-0.03,-0.09,4,5.1,4,21,12,4,1,4,4
250,-8.39,-3.56,0.06,-0.01,-0.02,7,-0.57,7,20,11,7,1,7,7
251,6.56,6.07,-0.11,0.11,0.05,13,5.18,13,19,10,13,1,17,10
252,-0.13,-7.81,0.67,-0.07,-0.13,4,-5.21,9,9,9,4,0,8,9
253,-3.49,2.25,-1.08,-0.08,-0.12,1,3.65,1,21,12,1,0,34,1
254,-6.74,-8.58,-1.04,0.07,0.04,7,-4.88,13,20,13,7,1,7,13
255,1.56,-2.69,-1.13,0.18,0.15,11,-2.48,6,6,6,11,1,22,6
256,-2.62,5.82,1.55,-0.02,0.05,10,2.9,1,21,1,10,1,34,1
257,6.01,-9.54,0.14,-0.14,-0.13,3,-7.91,3,20,7,3,1,7,3
258,1.27,7.82,0.95,-0.05,-0.01,6,4.8,4,9,4,6,1,8,6
259,2.9,9.56,-0.16,0.11,0.15,9,6.66,1,13,1,9,1,23,1
260,1.65,-5.02,-1.1,0.07,0.06,11,-4.31,11,15,13,11,1,26,11
261,6.11,-8.07,-0.47,0.09,0.06,12,-6.54,10,7,10,12,1,15,10
262,0.45,-7.98,0.03,-0.03,-0.02,3,-6.16,3,9,4,3,1,8,3
263,-6.11,8.07,0.47,-0.09,-0.06,10,6.54,10,21,12,10,0,4,10
264,1.05,2.33,1.6,-0.02,-0.06,13,1.42,9,19,9,13,1,17,9
265,5.56,-1.56,0.12,-0.12,-0.11,4,-1.75,7,9,7,4,1,8,4
266,5.59,6.87,0.34,0.17,0.15,11,3.77,11,15,1,11,1,26,11
267,0.28,3.98,0.54,0.06,0.11,12,1.07,3,2,3,12,1,14,3
268,1.18,10.14,0.93,0.05,0.08,13,6.63,4,19,4,13,0,17,4
269,-6.83,-6.26,-1.07,0.17,0.13,7,-3.05,7,20,6,7,1,7,7
270,2.09,9.12,-0.74,0.09,0.04,11,7.41,11,15,12,11,1,26,11
271,5.51,3.74,-1.7,0.13,0.1,9,3.76,10,7,10,9,0,15,10
272,4.03,9.57,1.47,-0.01,0.01,6,6.25,1,21,1,6,1,34,6
273,1.18,10.14,0.93,0.05,0.08,13,6.63,13,9,4,13,1,8,13
274,5.69,6.25,-0.55,-0.05,0.02,9,3.46,7,13,7,9,1,23,7
275,-8.2,-1.05,1.21,-0.18,-0.1,10,-0.87,10,7,11,10,0,15,10
276,3.49,-2.25,1.08,0.08,0.12,12,-3.65,1,21,1,12,1,4,1
277,-6.74,-8.58,-1.04,0.07,0.04,7,-4.88,13,19,13,7,1,17,13
278,-0.13,-7.81,0.67,-0.07,-0.13,4,-5.21,4,13,9,4,1,23,4
279,0.82,15.8,0.93,-0.03,0.0,6,10.96,3,2,3,6,1,14,6
280,-0.18,-2.51,-1.15,0.18,0.08,7,0.3,7,20,10,7,0,7,7
281,2.76,1.75,0.51,0.04,0.02,4,1.45,1,21,1,4,1,34,1
282,-0.73,-18.12,-0.9,-0.08,-0.09,3,-12.79,3,2,13,3,0,14,3
283,-0.54,-11.82,-0.39,0.09,0.11,12,-9.89,12,6,6,12,0,22,12
284,8.2,1.05,-1.21,0.18,0.1,11,0.87,10,15,10,11,1,26,10
285,0.6,-11.81,1.23,-0.04,-0.04,12,-10.3,12,13,9,12,0,23,12
286,-4.03,-9.57,-1.47,0.01,-0.01,1,-6.25,6,6,6,1,1,22,1
287,-2.38,-13.1,0.2,-0.15,-0.15,3,-8.48,3,15,11,3,1,26,3
288,5.38,-4.07,-1.03,0.06,-0.03,4,-1.45,10,7,10,4,0,15,10
289,0.09,-2.33,0.03,-0.1,-0.09,6,-1.83,6,14,13,6,1,11,6
290,6.01,-9.54,0.14,-0.14,-0.13,3,-7.91,3,2,7,3,1,14,3
291,-2.9,-9.56,0.16,-0.11,-0.15,1,-6.66,9,21,9,1,0,34,9
292,-1.27,-7.82,-0.95,0.05,0.01,4,-4.8,6,10,6,4,1,10,6
293,-1.65,5.02,1.1,-0.07,-0.06,13,4.31,13,14,11,13,1,11,11
294,-0.6,11.81,-1.23,0.04,0.04,9,10.3,9,21,12,9,1,4,9
295,-0.82,-15.8,-0.93,0.03,-0.0,3,-10.96,6,10,6,3,0,10,6
296,6.56,6.07,-0.11,0.11,0.05,13,5.18,10,7,10,13,0,15,10
297,-6.29,5.56,-0.68,0.09,0.02,7,6.85,7,21,12,7,1,4,7
298,5.59,6.87,0.34,0.17,0.15,11,3.77,11,21,1,11,0,34,11
299,1.13,0.01,1.62,-0.12,-0.15,6,-0.41,9,10,9,6,1,10,9
300,0.73,-4.0,0.56,0.03,0.09,12,-5.1,12,9,4,12,0,8,4
301,5.83,-12.05,-1.01,0.03,-0.05,3,-7.61,3,2,10,3,1,14,3
302,2.8,-3.31,-0.4,-0.16,-0.13,1,-3.2,1,20,7,1,1,7,1
303,-5.83,12.05,1.01,-0.03,0.05,10,7.61,10,21,3,10,1,34,10
304,2.8,-3.31,-0.4,-0.16,-0.13,1,-3.2,1,21,7,1,1,34,1
305,-3.21,6.23,-0.54,-0.02,-0.0,1,4.71,3,7,3,1,1,15,3
306,5.83,-12.05,-1.01,0.03,-0.05,3,-7.61,10,7,10,3,0,15,10
307,3.72,0.82,1.05,0.1,0.03,1,1.22,1,7,10,1,1,15,10
308,8.24,-5.8,-1.68,-0.03,-0.0,4,-3.37,4,20,7,4,1,7,4
309,-3.13,-1.71,0.36,-0.11,-0.15,1,-0.31,12,21,12,1,1,34,12
310,-1.55,-4.22,-0.48,-0.19,-0.17,6,-2.17,11,15,11,6,1,26,11
311,2.77,-8.01,-2.44,-0.05,-0.06,4,-4.28,3,2,3,4,1,14,3
312,6.05,-12.02,-1.26,0.14,0.07,9,-4.24,10,29,10,9,1,5,10
313,-7.14,-6.65,-0.48,-0.09,-0.11,7,-3.77,11,15,11,7,1,26,11
314,-2.79,-3.05,0.28,-0.24,-0.22,6,-1.32,12,24,12,6,0,31,6
315,-2.33,12.84,2.31,-0.04,-0.04,1,5.45,1,29,9,1,0,5,1
316,5.47,2.21,0.76,0.02,0.06,3,0.92,7,2,7,3,1,14,7
317,6.71,-8.75,-0.7,0.04,0.02,4,-4.76,4,9,10,4,1,8,4
318,1.89,2.88,0.41,0.06,0.1,11,1.16,1,21,1,11,1,34,1
319,-3.94,0.74,-1.74,-0.1,-0.08,10,0.48,10,7,3,10,0,15,10
320,-2.79,-3.05,0.28,-0.24,-0.22,6,-1.32,6,6,12,6,1,22,6
321,-7.14,-6.65,-0.48,-0.09,-0.11,7,-3.77,7,20,11,7,0,7,11
322,0.66,3.27,0.56,-0.09,-0.04,4,-0.52,4,9,9,4,0,8,4
323,6.85,2.53,0.7,0.21,0.18,12,1.53,12,24,10,12,0,31,12
324,-5.59,-2.42,0.0,0.1,0.06,7,-1.6,6,20,6,7,1,7,6
325,-1.68,-4.44,0.28,-0.07,-0.06,3,-2.85,11,2,11,3,0,14,11
326,2.99,-9.57,-1.75,-0.06,-0.01,4,-5.98,4,21,1,4,1,34,4
327,-0.44,15.72,2.72,0.03,0.07,11,6.61,11,15,9,11,0,26,11
328,-2.91,-3.26,1.05,-0.12,-0.1,3,-2.01,3,2,12,3,0,14,12
329,-5.59,-2.42,0.0,0.1,0.06,7,-1.6,7,6,6,7,0,22,7
330,0.66,3.27,0.56,-0.09,-0.04,4,-0.52,4,13,9,4,0,23,4
331,6.85,2.53,0.7,0.21,0.18,12,1.53,10,7,10,12,1,15,10
332,-0.12,-0.22,0.76,0.12,0.12,3,-0.69,3,6,6,3,1,22,3
333,-5.61,-3.7,-1.46,-0.16,-0.13,10,-2.38,10,7,11,10,0,15,10
334,-0.14,-11.28,-1.4,-0.17,-0.16,4,-6.29,12,9,12,4,1,8,12
335,0.34,-1.34,-0.07,-0.13,-0.07,6,-1.01,6,21,1,6,0,34,1
336,-7.58,9.08,2.24,-0.07,-0.04,7,2.84,7,8,9,7,1,0,7
337,1.68,4.44,-0.28,0.07,0.06,11,2.85,3,15,3,11,1,26,3
338,-0.14,-11.28,-1.4,-0.17,-0.16,4,-6.29,4,24,12,4,0,31,4
339,-0.34,1.34,0.07,0.13,0.07,1,1.01,1,6,6,1,0,22,1
340,0.8,14.55,1.96,0.07,0.11,12,5.77,9,24,9,12,0,31,9
341,-2.99,9.57,1.75,0.06,0.01,1,5.98,4,9,4,1,1,8,4
342,-4.06,0.52,-0.98,0.03,0.04,10,-0.21,6,7,6,10,0,15,10
343,5.47,2.21,0.76,0.02,0.06,3,0.92,7,20,7,3,0,7,7
344,-1.1,12.45,2.16,0.12,0.11,11,7.14,4,9,4,11,0,8,4
345,-2.33,12.84,2.31,-0.04,-0.04,1,5.45,1,21,9,1,1,34,1
346,-1.53,-2.94,0.98,0.07,0.02,7,-1.39,7,7,10,7,0,15,7
347,0.8,14.55,1.96,0.07,0.11,12,5.77,9,8,9,12,0,0,9
348,1.1,-12.45,-2.16,-0.12,-0.11,4,-7.14,4,15,11,4,0,26,4
349,0.12,0.22,-0.76,-0.12,-0.12,6,0.69,6,2,3,6,1,14,3
350,3.13,1.71,-0.36,0.11,0.15,12,0.31,1,24,1,12,0,31,1
351,6.05,-12.02,-1.26,0.14,0.07,9,-4.24,10,7,10,9,0,15,10
352,8.38,5.47,-0.28,0.14,0.16,12,2.92,7,20,7,12,0,7,7
353,-1.55,-4.22,-0.48,-0.19,-0.17,6,-2.17,11,6,11,6,0,22,11
354,3.72,0.82,1.05,0.1,0.03,1,1.22,1,21,10,1,1,34,1
355,-2.11,11.28,3.01,-0.04,0.01,3,3.76,3,2,9,3,1,14,3
356,-8.24,5.8,1.68,0.03,0.0,7,3.37,7,9,4,7,0,8,4
357,-1.24,1.18,0.77,-0.05,-0.05,11,0.85,11,24,12,11,0,31,11
358,1.99,-11.5,-2.24,0.17,0.11,9,-4.45,6,13,6,9,1,23,6
359,0.22,-1.56,0.69,-0.0,0.05,3,-1.69,3,21,1,3,1,34,3
360,-5.61,-3.7,-1.46,-0.16,-0.13,10,-2.38,10,15,11,10,1,26,10
361,2.91,3.26,-1.05,0.12,0.1,12,2.01,3,24,3,12,1,31,3
362,-5.25,-3.76,-0.07,-0.03,-0.01,7,-2.61,1,20,1,7,0,7,1
363,-6.71,8.75,0.7,-0.04,-0.02,10,4.76,10,7,4,10,1,15,4
364,1.24,-1.18,-0.77,0.05,0.05,12,-0.85,11,15,11,12,0,26,11
365,-1.99,11.5,2.24,-0.17,-0.11,6,4.45,6,6,9,6,0,22,6
366,-0.22,1.56,-0.69,0.0,-0.05,1,1.69,1,2,3,1,1,14,1
367,1.53,2.94,-0.98,-0.07,-0.02,10,1.39,10,20,7,10,1,7,10
368,2.65,-8.23,-1.68,0.07,0.06,4,-4.97,4,9,6,4,0,8,4
369,5.25,3.76,0.07,0.03,0.01,1,2.61,7,21,7,1,1,34,7
370,4.06,-0.52,0.98,-0.03,-0.04,6,0.21,6,10,10,6,1,10,10
371,2.77,-8.01,-2.44,-0.05,-0.06,4,-4.28,3,9,3,4,1,8,3
372,0.44,-15.72,-2.72,-0.03,-0.07,9,-6.61,9,13,11,9,0,23,9
373,2.65,-8.23,-1.68,0.07,0.06,4,-4.97,4,10,6,4,1,10,4
374,8.38,5.47,-0.28,0.14,0.16,12,2.92,7,24,7,12,0,31,7
375,-2.11,11.28,3.01,-0.04,0.01,3,3.76,9,13,9,3,1,23,9
376,-1.89,-2.88,-0.41,-0.06,-0.1,1,-1.16,1,15,11,1,0,26,1
377,8.24,-5.8,-1.68,-0.03,-0.0,4,-3.37,7,24,7,4,0,31,4
378,3.72,0.82,1.05,0.1,0.03,1,1.22,10,2,10,1,1,14,10
379,6.71,-8.75,-0.7,0.04,0.02,4,-4.76,10,7,10,4,1,15,10
380,-1.53,-2.94,0.98,0.07,0.02,7,-1.39,7,7,10,7,0,15,7
381,-0.76,-10.66,-1.52,-0.07,-0.08,7,-6.99,7,20,4,7,1,7,7
382,-0.93,7.84,-0.26,-0.06,-0.08,1,7.21,3,2,3,1,1,14,3
383,-1.33,2.62,-0.54,0.04,-0.0,12,1.16,5,13,5,12,1,23,5
384,-1.05,5.6,1.74,-0.03,0.01,4,4.26,11,9,11,4,0,8,4
385,-2.2,-2.13,0.36,0.09,0.09,10,-2.77,1,7,1,10,0,15,1
386,-0.02,0.13,1.32,-0.06,-0.05,6,0.89,6,24,12,6,0,31,6
387,3.27,5.31,-0.3,-0.04,-0.02,5,5.41,5,13,3,5,0,23,5
388,-1.81,-5.06,0.22,-0.1,-0.07,7,-2.73,11,15,11,7,1,26,11
389,2.39,6.86,1.62,0.05,0.03,4,3.94,1,21,1,4,0,34,1
390,-5.06,-2.35,-0.37,0.09,0.08,10,-3.03,10,6,6,10,1,22,10
391,-0.7,-4.04,0.16,0.08,0.13,3,-4.15,3,2,7,3,1,14,7
392,-0.57,-1.18,-0.46,-0.02,0.03,12,-0.31,12,24,11,12,0,31,12
393,1.81,-9.39,-1.65,-0.03,0.03,5,-5.73,5,9,4,5,0,8,5
394,2.87,0.09,-0.58,0.05,0.06,12,-0.63,1,21,1,12,0,34,1
395,-3.13,5.7,0.1,0.03,0.01,10,4.43,10,7,3,10,1,15,10
396,2.57,1.27,-0.14,0.04,0.11,5,1.26,7,20,7,5,0,7,7
397,0.58,1.04,-0.86,0.08,0.02,11,-0.58,11,15,6,11,1,26,11
398,-5.07,-2.22,0.94,0.03,0.03,10,-2.14,12,7,12,10,0,15,10
399,-1.22,-4.02,-0.64,-0.02,-0.06,7,-3.31,6,6,6,7,1,22,6
400,-1.46,-14.7,-1.35,0.01,0.05,3,-11.14,3,2,4,3,1,14,3
401,-1.33,2.62,-0.54,0.04,-0.0,12,1.16,5,24,5,12,1,31,5
402,-3.44,-1.26,0.12,-0.08,-0.03,1,0.32,11,15,11,1,0,26,11
403,4.59,8.99,1.25,-0.04,-0.06,4,6.71,10,9,10,4,0,8,10
404,1.34,-2.75,-0.77,0.02,0.05,5,-2.05,5,13,6,5,0,23,5
405,-3.83,1.66,0.26,0.11,0.13,10,0.28,10,20,7,10,0,7,7
406,-2.51,-9.1,0.38,-0.02,0.05,3,-6.88,3,2,11,3,1,14,3
407,2.39,6.86,1.62,0.05,0.03,4,3.94,4,9,1,4,0,8,4
408,-0.02,0.13,1.32,-0.06,-0.05,6,0.89,6,6,12,6,1,22,6
409,-5.64,-3.4,0.48,0.01,0.06,10,-2.45,10,7,11,10,0,15,10
410,1.94,7.92,-0.84,-0.0,-0.02,12,6.57,3,2,3,12,1,14,3
411,-0.46,6.64,0.88,0.05,0.02,4,3.68,6,10,6,4,1,10,6
412,-1.63,3.8,-0.1,0.02,0.04,1,3.06,1,20,7,1,0,7,7
413,-6.4,0.4,0.4,0.07,0.03,10,-0.98,10,7,5,10,0,15,10
414,-1.22,-4.02,-0.64,-0.02,-0.06,7,-3.31,7,20,6,7,0,7,7
415,-0.76,3.79,-0.08,0.06,-0.04,11,1.47,11,15,5,11,0,26,11
416,0.93,-7.84,0.26,0.06,0.08,3,-7.21,1,21,1,3,0,34,1
417,3.83,-1.66,-0.26,-0.11,-0.13,7,-0.28,10,7,10,7,1,15,10
418,0.48,-6.77,-2.2,0.01,0.03,12,-4.57,4,25,4,12,1,27,4
419,2.51,9.1,-0.38,0.02,-0.05,11,6.88,11,15,3,11,1,26,3
420,2.85,0.22,0.74,-0.0,0.01,6,0.26,1,21,1,6,0,34,1
421,5.07,2.22,-0.94,-0.03,-0.03,12,2.14,10,24,10,12,0,31,10
422,4.2,-2.53,-0.04,0.02,0.07,5,-1.8,5,13,1,5,0,23,5
423,0.76,10.66,1.52,0.07,0.08,4,6.99,4,25,7,4,0,27,4
424,5.06,2.35,0.37,-0.09,-0.08,6,3.03,10,7,10,6,0,15,10
425,1.94,7.92,-0.84,-0.0,-0.02,12,6.57,3,24,3,12,0,31,3
426,-1.81,-5.06,0.22,-0.1,-0.07,7,-2.73,7,20,11,7,0,7,11
427,1.81,-9.39,-1.65,-0.03,0.03,5,-5.73,5,13,4,5,0,23,5
428,1.92,8.06,0.47,-0.06,-0.07,6,7.46,6,2,3,6,1,14,6
429,-2.2,-2.13,0.36,0.09,0.09,10,-2.77,1,21,1,10,0,34,1
430,0.57,1.18,0.46,0.02,-0.03,11,0.31,11,15,12,11,0,26,11
431,-3.27,-5.31,0.3,0.04,0.02,3,-5.41,3,2,5,3,0,14,3
432,1.05,-5.6,-1.74,0.03,-0.01,11,-4.26,11,15,4,11,0,26,11
433,1.63,-3.8,0.1,-0.02,-0.04,7,-3.06,1,21,1,7,0,34,7
434,6.4,-0.4,-0.4,-0.07,-0.03,5,0.98,10,13,10,5,1,23,10
435,0.58,1.04,-0.86,0.08,0.02,11,-0.58,11,6,6,11,1,22,11
436,1.24,3.88,-0.68,0.08,0.11,12,2.42,7,24,7,12,0,31,7
437,1.46,14.7,1.35,-0.01,-0.05,4,11.14,3,9,3,4,1,8,3
438,-2.87,-0.09,0.58,-0.05,-0.06,1,0.63,1,24,12,1,0,31,1
439,-1.34,2.75,0.77,-0.02,-0.05,6,2.05,5,6,5,6,1,22,5
440,0.7,4.04,-0.16,-0.08,-0.13,7,4.15,7,27,3,7,1,12,3
441,5.64,3.4,-0.48,-0.01,-0.06,11,2.45,11,15,10,11,1,26,11
442,0.46,-6.64,-0.88,-0.05,-0.02,6,-3.68,6,9,4,6,1,8,6
443,-4.2,2.53,0.04,-0.02,-0.07,1,1.8,1,21,5,1,0,34,1
444,-1.24,-3.88,0.68,-0.08,-0.11,7,-2.42,12,27,12,7,1,12,12
445,4.59,8.99,1.25,-0.04,-0.06,4,6.71,10,7,10,4,0,15,10
446,3.44,1.26,-0.12,0.08,0.03,11,-0.32,1,21,1,11,1,34,1
447,1.92,8.06,0.47,-0.06,-0.07,6,7.46,6,6,3,6,1,22,3
448,-0.76,3.79,-0.08,0.06,-0.04,11,1.47,5,13,5,11,0,23,5
449,-2.85,-0.22,-0.74,0.0,-0.01,1,-0.26,6,10,6,1,1,10,6
450,-0.48,6.77,2.2,-0.01,-0.03,4,4.57,12,24,12,4,0,31,12
451,-3.13,5.7,0.1,0.03,0.01,10,4.43,3,2,3,10,1,14,3
452,2.57,1.27,-0.14,0.04,0.11,5,1.26,5,13,7,5,0,23,5
453,2.2,2.13,-0.36,-0.09,-0.09,1,2.77,10,9,10,1,0,8,10
454,-0.76,3.79,-0.08,0.06,-0.04,11,1.47,11,9,5,11,0,8,5
455,-3.44,-1.26,0.12,-0.08,-0.03,1,0.32,1,20,11,1,0,7,1
456,-2.2,-2.13,0.36,0.09,0.09,10,-2.77,1,20,1,10,0,7,1
457,3.21,-2.73,-0.09,0.17,0.11,1,-1.59,7,0,7,1,0,29,7
458,-2.4,12.22,1.91,0.01,0.01,3,7.05,3,28,4,3,1,28,3
459,2.95,1.76,1.61,0.05,0.04,6,2.24,6,0,10,6,0,29,6
460,-1.63,6.96,-0.92,-0.01,0.01,11,4.62,11,0,5,11,1,29,11
461,0.97,-3.2,0.05,0.08,0.09,3,-2.68,3,30,1,3,1,6,1
462,6.57,-18.15,-1.94,0.24,0.2,4,-11.32,4,30,7,4,0,6,4
463,3.17,-0.69,2.11,0.01,-0.02,6,-0.08,6,28,11,6,1,28,6
464,5.92,-11.54,0.01,0.15,0.1,4,-6.27,10,0,10,4,0,29,10
465,-1.54,-6.26,-1.2,0.0,0.01,5,-4.55,6,28,6,5,1,28,6
466,-0.22,2.45,-0.51,0.04,0.06,11,2.32,10,30,10,11,1,6,10
467,4.17,-5.93,-0.03,0.25,0.21,3,-4.27,7,28,7,3,1,28,7
468,4.51,-7.03,-0.4,0.1,0.05,4,-3.96,5,30,5,4,0,6,4
469,-2.55,-3.88,-1.87,-0.08,-0.01,10,-3.47,10,30,1,10,0,6,10
470,-3.74,1.77,-2.43,-0.12,-0.04,11,1.53,11,0,3,11,1,29,11
471,-3.61,4.85,0.35,-0.14,-0.14,7,2.82,6,0,6,7,1,29,6
472,3.37,-15.42,-1.86,0.07,0.09,4,-9.73,4,28,1,4,0,28,4
473,-1.41,4.5,-0.41,-0.05,-0.05,10,2.3,10,28,5,10,0,28,10
474,-0.56,1.07,-0.31,-0.11,-0.06,6,1.46,6,30,3,6,1,6,6
475,-0.44,4.16,2.46,-0.13,-0.16,7,2.74,11,0,11,7,0,29,7
476,1.14,8.39,1.46,0.03,-0.04,1,5.77,5,30,5,1,1,6,5
477,-0.66,6.61,1.95,-0.09,-0.1,7,5.06,10,27,10,7,0,12,10
478,-0.4,2.12,0.26,0.03,-0.03,1,1.22,1,21,6,1,0,34,1
479,-6.14,13.99,-0.52,-0.11,-0.04,11,8.58,11,9,4,11,1,8,11
480,2.11,5.19,1.51,0.11,0.06,3,3.09,3,2,5,3,1,14,3
481,-0.44,4.16,2.46,-0.13,-0.16,7,2.74,11,1,11,7,1,24,11
482,-5.92,11.54,-0.01,-0.15,-0.1,10,6.27,10,9,4,10,1,8,4
483,0.97,-3.2,0.05,0.08,0.09,3,-2.68,1,21,1,3,1,34,1
484,-6.57,18.15,1.94,-0.24,-0.2,7,11.32,7,9,4,7,0,8,7
485,-2.95,-1.76,-1.61,-0.05,-0.04,10,-2.24,6,8,6,10,1,0,6
486,-1.63,6.96,-0.92,-0.01,0.01,11,4.62,5,1,5,11,1,24,5
487,0.56,-1.07,0.31,0.11,0.06,3,-1.46,6,2,6,3,1,14,6
488,-4.51,7.03,0.4,-0.1,-0.05,5,3.96,5,9,4,5,1,8,5
489,-2.55,-3.88,-1.87,-0.08,-0.01,10,-3.47,10,21,1,10,1,34,1
490,-3.61,4.85,0.35,-0.14,-0.14,7,2.82,7,8,6,7,1,0,7
491,-3.74,1.77,-2.43,-0.12,-0.04,11,1.53,11,2,3,11,0,14,11
492,1.14,8.39,1.46,0.03,-0.04,1,5.77,1,13,5,1,0,23,1
493,0.22,-2.45,0.51,-0.04,-0.06,10,-2.32,10,27,11,10,0,12,10
494,2.4,-12.22,-1.91,-0.01,-0.01,4,-7.05,3,2,3,4,1,14,3
495,1.54,6.26,1.2,-0.0,-0.01,6,4.55,6,13,5,6,1,23,6
496,-3.21,2.73,0.09,-0.17,-0.11,7,1.59,7,8,1,7,1,0,1
497,6.14,-13.99,0.52,0.11,0.04,4,-8.58,11,1,11,4,1,24,11
498,3.52,0.69,1.92,0.16,0.1,3,0.79,3,27,10,3,0,12,3
499,-2.07,11.11,1.54,-0.14,-0.15,7,7.36,7,13,5,7,0,23,7
500,-2.77,-1.43,-2.37,-0.04,0.05,11,-1.15,1,1,1,11,0,24,1
501,-2.96,13.3,1.6,-0.1,-0.06,6,8.51,6,9,4,6,1,8,6
502,-2.11,-5.19,-1.51,-0.11,-0.06,5,-3.09,5,13,3,5,0,23,5
503,-0.66,6.61,1.95,-0.09,-0.1,7,5.06,7,20,10,7,1,7,10
504,-0.4,2.12,0.26,0.03,-0.03,1,1.22,1,6,6,1,1,22,1
505,4.17,-5.93,-0.03,0.25,0.21,3,-4.27,7,20,7,3,1,7,7
506,1.41,-4.5,0.41,0.05,0.05,5,-2.3,5,27,10,5,1,12,5
507,3.37,-15.42,-1.86,0.07,0.09,4,-9.73,1,21,1,4,1,34,1
508,-3.17,0.69,-2.11,-0.01,0.02,11,0.08,6,6,6,11,1,22,6
509,-3.52,-0.69,-1.92,-0.16,-0.1,10,-0.79,10,2,3,10,1,14,10
510,-2.07,11.11,1.54,-0.14,-0.15,7,7.36,7,20,5,7,1,7,5
511,-2.96,13.3,1.6,-0.1,-0.06,6,8.51,6,6,4,6,1,22,6
512,2.77,1.43,2.37,0.04,-0.05,1,1.15,1,21,11,1,1,34,1
513,3.61,-4.85,-0.35,0.14,0.14,6,-2.82,7,20,7,6,1,7,7
514,-2.55,-3.88,-1.87,-0.08,-0.01,10,-3.47,10,21,1,10,1,1,10
515,-2.95,-1.76,-1.61,-0.05,-0.04,10,-2.24,6,21,6,10,1,34,6
516,-3.61,4.85,0.35,-0.14,-0.14,7,2.82,7,2,6,7,1,14,7
517,-0.96,11.96,0.86,-0.22,-0.16,7,8.1,7,20,1,7,1,7,1
518,1.88,4.4,2.01,0.01,-0.01,4,2.89,10,7,10,4,1,15,10
519,1.54,-2.58,0.6,0.07,0.04,6,-0.67,11,24,11,6,1,16,11
520,0.78,0.27,1.28,0.01,0.07,5,0.1,10,7,10,5,0,15,10
521,-8.97,-10.34,-0.41,0.09,0.1,3,-6.48,3,20,7,3,1,7,3
522,-4.41,-3.83,-1.71,-0.15,-0.05,11,-2.91,11,9,4,11,1,8,11
523,2.36,-6.88,-0.43,0.12,0.03,1,-5.42,6,21,6,1,1,34,6
524,9.34,7.54,0.37,0.08,0.12,5,4.6,5,2,3,5,1,14,3
525,-3.9,9.46,-0.17,-0.19,-0.07,11,6.09,11,1,1,11,0,24,11
526,0.41,3.07,1.32,-0.17,-0.14,7,1.98,7,20,10,7,1,7,7
527,2.87,6.42,1.11,0.07,0.01,4,3.58,4,24,6,4,0,16,4
528,-3.31,0.3,-0.99,-0.15,-0.13,11,-0.13,11,29,5,11,1,5,11
529,-1.37,8.89,-0.46,-0.05,-0.01,10,6.12,10,21,1,10,0,34,10
530,-1.1,-4.13,-0.72,0.0,0.08,5,-2.78,4,29,4,5,0,5,4
531,1.4,5.08,0.43,-0.1,-0.13,7,2.68,7,24,6,7,1,16,6
532,-2.53,0.57,0.29,-0.14,-0.06,11,-0.03,11,1,10,11,0,24,11
533,-9.93,1.62,0.45,-0.13,-0.06,3,1.62,1,2,1,3,1,14,1
534,-1.47,-1.33,-0.68,-0.18,-0.14,7,-0.91,7,9,4,7,1,8,7
535,1.54,-2.58,0.6,0.07,0.04,6,-0.67,6,1,11,6,1,24,6
536,-0.37,2.8,0.04,-0.18,-0.22,7,1.88,5,29,5,7,1,5,5
537,-8.56,-7.28,0.91,-0.08,-0.05,3,-4.5,10,2,10,3,1,14,10
538,-0.51,-13.29,-1.54,0.04,0.02,1,-9.0,4,9,4,1,1,8,1
539,-6.03,-7.84,0.62,0.07,0.01,3,-4.47,3,1,11,3,1,24,3
540,-0.59,9.16,0.82,-0.04,0.06,5,6.22,1,21,1,5,0,34,1
541,-0.99,-2.02,0.89,-0.07,-0.02,6,-0.7,10,7,10,6,0,15,10
542,-10.44,-11.68,-1.09,-0.08,-0.04,3,-7.38,3,9,4,3,1,8,3
543,-1.77,-2.29,-0.39,-0.07,-0.09,6,-0.8,5,6,5,6,1,22,5
544,1.47,1.33,0.68,0.18,0.14,4,0.91,7,20,7,4,0,7,7
545,6.03,7.84,-0.62,-0.07,-0.01,11,4.47,11,2,3,11,1,14,3
546,0.41,3.07,1.32,-0.17,-0.14,7,1.98,10,7,10,7,1,15,10
547,2.87,6.42,1.11,0.07,0.01,4,3.58,4,9,6,4,1,8,4
548,-3.9,9.46,-0.17,-0.19,-0.07,11,6.09,1,21,1,11,1,34,1
549,-8.97,-10.34,-0.41,0.09,0.1,3,-6.48,3,2,7,3,1,14,3
550,-0.78,-0.27,-1.28,-0.01,-0.07,10,-0.1,5,13,5,10,1,23,5
551,-2.36,6.88,0.43,-0.12,-0.03,6,5.42,1,6,1,6,0,22,1
552,4.41,3.83,1.71,0.15,0.05,4,2.91,11,21,11,4,1,1,4
553,-8.56,-7.28,0.91,-0.08,-0.05,3,-4.5,10,7,10,3,0,15,10
554,0.37,-2.8,-0.04,0.18,0.22,5,-1.88,7,20,7,5,1,7,7
555,-0.51,-13.29,-1.54,0.04,0.02,1,-9.0,1,21,4,1,0,34,1
556,7.57,5.26,-0.02,0.01,0.03,6,3.8,3,2,3,6,1,14,3
557,-3.31,0.3,-0.99,-0.15,-0.13,11,-0.13,5,21,5,11,1,1,5
558,1.37,-8.89,0.46,0.05,0.01,1,-6.12,1,7,10,1,0,15,1
559,1.4,5.08,0.43,-0.1,-0.13,7,2.68,7,20,6,7,0,7,6
560,1.1,4.13,0.72,-0.0,-0.08,4,2.78,5,25,5,4,0,27,5
561,9.93,-1.62,-0.45,0.13,0.06,1,-1.62,3,21,3,1,0,34,3
562,-2.53,0.57,0.29,-0.14,-0.06,11,-0.03,10,7,10,11,0,15,10
563,-1.77,-2.29,-0.39,-0.07,-0.09,6,-0.8,5,13,5,6,0,23,5
564,1.88,4.4,2.01,0.01,-0.01,4,2.89,4,25,10,4,0,27,4
565,-7.57,-5.26,0.02,-0.01,-0.03,3,-3.8,6,6,6,3,1,22,6
566,-0.96,11.96,0.86,-0.22,-0.16,7,8.1,1,21,1,7,1,34,7
567,-9.34,-7.54,-0.37,-0.08,-0.12,3,-4.6,3,13,5,3,0,23,3
568,0.99,2.02,-0.89,0.07,0.02,10,0.7,10,6,6,10,0,22,10
569,2.94,2.5,1.03,-0.03,-0.09,7,2.01,11,21,11,7,0,1,11
570,-10.44,-11.68,-1.09,-0.08,-0.04,3,-7.38,3,2,4,3,1,14,3
571,0.59,-9.16,-0.82,0.04,-0.06,1,-6.22,1,13,5,1,0,23,1
572,-1.37,8.89,-0.46,-0.05,-0.01,10,6.12,1,21,1,10,0,34,1
573,6.03,7.84,-0.62,-0.07,-0.01,11,4.47,3,24,3,11,0,16,11
574,8.56,7.28,-0.91,0.08,0.05,10,4.5,10,27,3,10,1,12,10
575,-1.37,8.89,-0.46,-0.05,-0.01,10,6.12,1,20,1,10,1,7,1
576,0.96,4.97,-1.17,0.19,0.2,2,2.86,2,21,1,2,0,34,2
577,-1.09,-0.89,-1.39,0.08,0.12,7,-0.17,7,20,4,7,1,7,7
578,3.18,-5.57,-0.77,0.16,0.08,8,-3.82,8,6,6,8,1,21,8
579,5.61,9.62,0.17,0.1,0.07,5,6.71,3,2,3,5,1,14,3
580,-1.8,-9.15,-1.15,-0.14,-0.15,1,-5.71,1,20,7,1,1,7,7
581,0.68,-6.07,1.93,-0.04,-0.06,8,-3.71,8,26,2,8,0,25,8
582,4.43,5.57,1.0,0.06,-0.03,4,2.92,4,9,6,4,1,8,4
583,-2.23,2.88,0.13,-0.02,-0.04,7,1.87,7,13,5,7,0,23,7
584,1.65,-1.1,0.77,0.15,0.13,8,-0.85,8,21,1,8,1,34,8
585,-2.5,-0.51,2.71,-0.2,-0.14,6,0.11,6,6,2,6,0,21,6
586,4.46,13.39,1.68,-0.0,-0.09,4,8.75,4,2,3,4,1,14,4
587,4.04,6.27,1.02,0.16,0.19,5,3.84,5,13,1,5,1,23,1
588,3.34,4.68,-0.39,0.14,0.09,7,2.75,7,6,6,7,1,21,7
589,1.57,3.36,-0.85,-0.06,-0.11,1,2.87,1,21,3,1,1,34,1
590,2.39,7.37,0.26,0.01,0.05,5,4.7,5,26,8,5,1,25,5
591,2.53,8.33,-2.02,0.13,0.08,2,5.73,3,24,3,2,1,16,3
592,-2.89,-10.04,-2.53,-0.06,-0.02,1,-5.88,4,9,4,1,1,8,4
593,5.57,1.8,-0.52,0.17,0.13,5,0.88,5,13,6,5,1,23,5
594,3.22,2.26,-0.09,0.09,0.02,8,2.02,8,26,3,8,0,25,3
595,0.84,4.18,2.31,-0.05,-0.05,7,2.86,7,24,2,7,1,16,7
596,-1.53,4.47,1.54,-0.0,0.05,6,2.96,1,6,1,6,1,21,1
597,-3.07,-1.29,-2.19,0.03,0.01,2,-0.99,2,13,5,2,1,23,2
598,1.25,11.14,1.77,-0.09,-0.11,4,6.73,8,9,8,4,1,8,8
599,-1.8,-9.15,-1.15,-0.14,-0.15,1,-5.71,1,21,7,1,1,34,1
600,0.68,-6.07,1.93,-0.04,-0.06,8,-3.71,8,24,2,8,1,16,8
601,-1.09,-0.89,-1.39,0.08,0.12,7,-0.17,4,9,4,7,1,8,7
602,-5.61,-9.62,-0.17,-0.1,-0.07,3,-6.71,5,13,5,3,1,23,5
603,3.18,-5.57,-0.77,0.16,0.08,8,-3.82,6,26,6,8,1,25,6
604,-0.96,-4.97,1.17,-0.19,-0.2,1,-2.86,1,24,2,1,1,16,1
605,3.37,12.51,0.29,0.08,0.03,7,8.58,7,2,3,7,1,14,7
606,1.25,11.14,1.77,-0.09,-0.11,4,6.73,4,26,8,4,1,25,4
607,-3.34,-4.68,0.39,-0.14,-0.09,6,-2.75,7,20,7,6,1,7,7
608,-1.93,-5.06,-3.7,0.13,0.17,2,-3.02,2,9,4,2,1,8,4
609,2.39,7.37,0.26,0.01,0.05,5,4.7,5,13,8,5,1,23,5
610,-2.53,-8.33,2.02,-0.13,-0.08,3,-5.73,3,2,2,3,1,14,3
611,4.43,5.57,1.0,0.06,-0.03,4,2.92,6,6,6,4,1,21,6
612,-4.04,-6.27,-1.02,-0.16,-0.19,1,-3.84,5,29,5,1,1,5,5
613,-0.16,-10.25,-0.38,0.01,-0.01,8,-6.57,8,20,7,8,1,7,8
614,0.04,7.83,0.69,-0.06,-0.06,6,5.83,3,6,3,6,1,21,3
615,-3.07,-1.29,-2.19,0.03,0.01,2,-0.99,5,29,5,2,0,5,2
616,1.57,3.36,-0.85,-0.06,-0.11,1,2.87,1,2,3,1,1,14,1
617,-1.14,3.77,1.51,-0.1,-0.16,4,2.04,4,13,5,4,1,23,4
618,-1.53,4.47,1.54,-0.0,0.05,6,2.96,6,29,1,6,0,5,6
619,3.22,2.26,-0.09,0.09,0.02,8,2.02,3,2,3,8,1,14,3
620,0.84,4.18,2.31,-0.05,-0.05,7,2.86,7,20,2,7,0,7,7
621,5.57,1.8,-0.52,0.17,0.13,5,0.88,5,6,6,5,0,21,5
622,2.89,10.04,2.53,0.06,0.02,4,5.88,1,29,1,4,1,5,4
623,-3.37,-12.51,-0.29,-0.08,-0.03,3,-8.58,3,20,7,3,1,7,3
624,-1.93,-5.06,-3.7,0.13,0.17,2,-3.02,2,29,4,2,1,5,2
625,0.04,7.83,0.69,-0.06,-0.06,6,5.83,3,2,3,6,1,14,3
626,-0.16,-10.25,-0.38,0.01,-0.01,8,-6.57,8,17,7,8,1,9,8
627,-1.14,3.77,1.51,-0.1,-0.16,4,2.04,4,25,5,4,1,27,4
628,2.5,0.51,-2.71,0.2,0.14,2,-0.11,2,29,6,2,0,5,2
629,1.65,-1.1,0.77,0.15,0.13,8,-0.85,8,17,1,8,1,9,1
630,2.23,-2.88,-0.13,0.02,0.04,5,-1.87,7,20,7,5,1,7,7
631,-4.46,-13.39,-1.68,0.0,0.09,3,-8.75,3,25,4,3,1,27,3
632,-3.22,-2.26,0.09,-0.09,-0.02,3,-2.02,3,2,8,3,1,14,3
633,-2.23,2.88,0.13,-0.02,-0.04,7,1.87,5,9,5,7,1,8,5
634,2.39,7.37,0.26,0.01,0.05,5,4.7,5,9,8,5,1,8,5
635,-5.61,-9.62,-0.17,-0.1,-0.07,3,-6.71,5,2,5,3,0,14,5
